Date,Henry Hub Natural Gas Spot Price (Dollars per Million Btu)
"Jan 07, 1997",3.82
"Jan 08, 1997",3.8
"Jan 09, 1997",3.61
"Jan 10, 1997",3.92
"Jan 13, 1997",4
"Jan 14, 1997",4.01
"Jan 15, 1997",4.34
"Jan 16, 1997",4.71
"Jan 17, 1997",3.91
"Jan 20, 1997",3.26
"Jan 21, 1997",2.99
"Jan 22, 1997",3.05
"Jan 23, 1997",2.96
"Jan 24, 1997",2.62
"Jan 27, 1997",2.98
"Jan 28, 1997",3.05
"Jan 29, 1997",2.91
"Jan 30, 1997",2.86
"Jan 31, 1997",2.77
"Feb 03, 1997",2.49
"Feb 04, 1997",2.59
"Feb 05, 1997",2.65
"Feb 06, 1997",2.51
"Feb 07, 1997",2.39
"Feb 10, 1997",2.42
"Feb 11, 1997",2.34
"Feb 12, 1997",2.42
"Feb 13, 1997",2.22
"Feb 14, 1997",2.12
"Feb 18, 1997",1.84
"Feb 19, 1997",1.95
"Feb 20, 1997",1.92
"Feb 21, 1997",1.92
"Feb 24, 1997",1.92
"Feb 25, 1997",1.77
"Feb 26, 1997",1.81
"Feb 27, 1997",1.8
"Feb 28, 1997",1.78
"Mar 03, 1997",1.8
"Mar 04, 1997",1.87
"Mar 05, 1997",1.92
"Mar 06, 1997",1.82
"Mar 07, 1997",1.89
"Mar 10, 1997",1.95
"Mar 11, 1997",1.92
"Mar 12, 1997",1.96
"Mar 13, 1997",1.98
"Mar 14, 1997",1.97
"Mar 17, 1997",2.01
"Mar 18, 1997",1.91
"Mar 19, 1997",1.88
"Mar 20, 1997",1.88
"Mar 21, 1997",1.87
"Mar 24, 1997",1.8
"Mar 25, 1997",1.85
"Mar 26, 1997",1.85
"Mar 27, 1997",1.84
"Mar 31, 1997",1.84
"Apr 01, 1997",1.95
"Apr 02, 1997",1.85
"Apr 03, 1997",1.87
"Apr 04, 1997",1.91
"Apr 07, 1997",1.99
"Apr 08, 1997",2.01
"Apr 09, 1997",1.96
"Apr 10, 1997",1.97
"Apr 11, 1997",1.98
"Apr 14, 1997",2
"Apr 15, 1997",2
"Apr 16, 1997",2.02
"Apr 17, 1997",2.08
"Apr 18, 1997",2.1
"Apr 21, 1997",2.09
"Apr 22, 1997",2.1
"Apr 23, 1997",2.22
"Apr 24, 1997",2.11
"Apr 25, 1997",2.16
"Apr 28, 1997",2.1
"Apr 29, 1997",2.09
"Apr 30, 1997",2.16
"May 01, 1997",2.19
"May 02, 1997",2.21
"May 05, 1997",2.23
"May 06, 1997",2.25
"May 07, 1997",2.34
"May 08, 1997",2.33
"May 09, 1997",2.3
"May 12, 1997",2.27
"May 13, 1997",2.18
"May 14, 1997",2.22
"May 15, 1997",2.25
"May 16, 1997",2.19
"May 19, 1997",2.25
"May 20, 1997",2.22
"May 21, 1997",2.21
"May 22, 1997",2.22
"May 23, 1997",2.2
"May 27, 1997",2.29
"May 28, 1997",2.34
"May 29, 1997",2.29
"May 30, 1997",2.23
"Jun 02, 1997",2.2
"Jun 03, 1997",2.11
"Jun 04, 1997",2.19
"Jun 05, 1997",2.18
"Jun 06, 1997",2.19
"Jun 09, 1997",2.19
"Jun 10, 1997",2.16
"Jun 11, 1997",2.16
"Jun 12, 1997",2.14
"Jun 13, 1997",2.15
"Jun 16, 1997",2.2
"Jun 17, 1997",2.2
"Jun 18, 1997",2.22
"Jun 19, 1997",2.23
"Jun 20, 1997",2.25
"Jun 23, 1997",2.29
"Jun 24, 1997",2.32
"Jun 25, 1997",2.32
"Jun 26, 1997",2.23
"Jun 27, 1997",2.17
"Jun 30, 1997",2.17
"Jul 01, 1997",2.16
"Jul 02, 1997",2.14
"Jul 03, 1997",2.11
"Jul 07, 1997",2.13
"Jul 08, 1997",2.13
"Jul 09, 1997",2.16
"Jul 10, 1997",2.15
"Jul 11, 1997",2.16
"Jul 14, 1997",2.18
"Jul 15, 1997",2.21
"Jul 16, 1997",2.24
"Jul 17, 1997",2.29
"Jul 18, 1997",2.26
"Jul 21, 1997",2.17
"Jul 22, 1997",2.18
"Jul 23, 1997",2.2
"Jul 24, 1997",2.24
"Jul 25, 1997",2.22
"Jul 28, 1997",2.19
"Jul 29, 1997",2.23
"Jul 30, 1997",2.19
"Jul 31, 1997",2.23
"Aug 01, 1997",2.24
"Aug 04, 1997",2.26
"Aug 05, 1997",2.33
"Aug 06, 1997",2.38
"Aug 07, 1997",2.5
"Aug 08, 1997",2.38
"Aug 11, 1997",2.53
"Aug 12, 1997",2.56
"Aug 13, 1997",2.45
"Aug 14, 1997",2.57
"Aug 15, 1997",2.53
"Aug 18, 1997",2.56
"Aug 19, 1997",2.61
"Aug 20, 1997",2.62
"Aug 21, 1997",2.45
"Aug 22, 1997",2.47
"Aug 25, 1997",2.53
"Aug 26, 1997",2.58
"Aug 27, 1997",2.51
"Aug 28, 1997",2.57
"Aug 29, 1997",2.69
"Sep 02, 1997",2.82
"Sep 03, 1997",2.86
"Sep 04, 1997",2.73
"Sep 05, 1997",2.67
"Sep 08, 1997",2.67
"Sep 09, 1997",2.74
"Sep 10, 1997",2.74
"Sep 11, 1997",2.78
"Sep 12, 1997",2.86
"Sep 15, 1997",2.88
"Sep 16, 1997",2.83
"Sep 17, 1997",2.75
"Sep 18, 1997",2.84
"Sep 19, 1997",2.94
"Sep 22, 1997",2.98
"Sep 23, 1997",3.09
"Sep 24, 1997",3.03
"Sep 25, 1997",3.05
"Sep 26, 1997",3.24
"Sep 29, 1997",3.09
"Sep 30, 1997",2.96
"Oct 01, 1997",3.08
"Oct 02, 1997",2.97
"Oct 03, 1997",2.91
"Oct 06, 1997",2.96
"Oct 07, 1997",2.81
"Oct 08, 1997",2.8
"Oct 09, 1997",2.8
"Oct 10, 1997",2.78
"Oct 13, 1997",2.87
"Oct 14, 1997",2.84
"Oct 15, 1997",2.84
"Oct 16, 1997",2.94
"Oct 17, 1997",2.97
"Oct 20, 1997",3.05
"Oct 21, 1997",3.13
"Oct 22, 1997",3.24
"Oct 23, 1997",3.34
"Oct 24, 1997",3.29
"Oct 27, 1997",3.46
"Oct 28, 1997",3.61
"Oct 29, 1997",3.45
"Oct 30, 1997",3.34
"Oct 31, 1997",3.22
"Nov 03, 1997",3.23
"Nov 04, 1997",3.15
"Nov 05, 1997",3.18
"Nov 06, 1997",3.2
"Nov 07, 1997",3.05
"Nov 10, 1997",3.2
"Nov 11, 1997",3.26
"Nov 12, 1997",3.28
"Nov 13, 1997",3.27
"Nov 14, 1997",3.25
"Nov 17, 1997",3.1
"Nov 18, 1997",3
"Nov 19, 1997",2.97
"Nov 20, 1997",2.77
"Nov 21, 1997",2.59
"Nov 24, 1997",2.63
"Nov 25, 1997",2.51
"Nov 26, 1997",2.5
"Dec 01, 1997",2.52
"Dec 02, 1997",2.61
"Dec 03, 1997",2.53
"Dec 04, 1997",2.48
"Dec 05, 1997",2.42
"Dec 08, 1997",2.3
"Dec 09, 1997",2.35
"Dec 10, 1997",2.45
"Dec 11, 1997",2.3
"Dec 12, 1997",2.3
"Dec 15, 1997",2.25
"Dec 16, 1997",2.29
"Dec 17, 1997",2.38
"Dec 18, 1997",2.37
"Dec 19, 1997",2.39
"Dec 22, 1997",2.36
"Dec 23, 1997",2.24
"Dec 24, 1997",2.06
"Dec 26, 1997",2.18
"Dec 29, 1997",2.33
"Dec 30, 1997",2.27
"Dec 31, 1997",2.27
"Jan 02, 1998",2.16
"Jan 05, 1998",2.05
"Jan 06, 1998",2.16
"Jan 07, 1998",2.13
"Jan 08, 1998",2.11
"Jan 09, 1998",2.09
"Jan 12, 1998",2.01
"Jan 13, 1998",2.03
"Jan 14, 1998",2.05
"Jan 15, 1998",2.07
"Jan 16, 1998",2.11
"Jan 20, 1998",2.12
"Jan 21, 1998",2.09
"Jan 22, 1998",2.1
"Jan 23, 1998",2.14
"Jan 26, 1998",2.09
"Jan 27, 1998",2.06
"Jan 28, 1998",2.09
"Jan 29, 1998",2.07
"Jan 30, 1998",2.09
"Feb 02, 1998",2.23
"Feb 03, 1998",2.27
"Feb 04, 1998",2.23
"Feb 05, 1998",2.31
"Feb 06, 1998",2.35
"Feb 09, 1998",2.25
"Feb 10, 1998",2.18
"Feb 11, 1998",2.21
"Feb 12, 1998",2.2
"Feb 13, 1998",2.22
"Feb 17, 1998",2.18
"Feb 18, 1998",2.19
"Feb 19, 1998",2.22
"Feb 20, 1998",2.2
"Feb 23, 1998",2.2
"Feb 24, 1998",2.19
"Feb 25, 1998",2.21
"Feb 26, 1998",2.28
"Feb 27, 1998",2.23
"Mar 02, 1998",2.26
"Mar 03, 1998",2.24
"Mar 04, 1998",2.19
"Mar 05, 1998",2.12
"Mar 06, 1998",2.1
"Mar 09, 1998",2.17
"Mar 10, 1998",2.25
"Mar 11, 1998",2.25
"Mar 12, 1998",2.23
"Mar 13, 1998",2.21
"Mar 16, 1998",2.2
"Mar 17, 1998",2.2
"Mar 18, 1998",2.21
"Mar 19, 1998",2.25
"Mar 20, 1998",2.28
"Mar 23, 1998",2.33
"Mar 24, 1998",2.29
"Mar 25, 1998",2.33
"Mar 26, 1998",2.29
"Mar 27, 1998",2.26
"Mar 30, 1998",2.32
"Mar 31, 1998",2.34
"Apr 01, 1998",2.45
"Apr 02, 1998",2.43
"Apr 03, 1998",2.51
"Apr 06, 1998",2.51
"Apr 07, 1998",2.51
"Apr 08, 1998",2.65
"Apr 09, 1998",2.61
"Apr 13, 1998",2.52
"Apr 14, 1998",2.42
"Apr 15, 1998",2.48
"Apr 16, 1998",2.48
"Apr 17, 1998",2.4
"Apr 20, 1998",2.4
"Apr 21, 1998",2.46
"Apr 22, 1998",2.46
"Apr 23, 1998",2.35
"Apr 24, 1998",2.31
"Apr 27, 1998",2.29
"Apr 28, 1998",2.27
"Apr 29, 1998",2.29
"Apr 30, 1998",2.18
"May 01, 1998",2.11
"May 04, 1998",2.1
"May 05, 1998",2.19
"May 06, 1998",2.12
"May 07, 1998",2.16
"May 08, 1998",2.11
"May 11, 1998",2.19
"May 12, 1998",2.23
"May 13, 1998",2.24
"May 14, 1998",2.18
"May 15, 1998",2.18
"May 18, 1998",2.19
"May 19, 1998",2.17
"May 20, 1998",2.18
"May 21, 1998",2.11
"May 22, 1998",2.02
"May 26, 1998",2.1
"May 27, 1998",2.1
"May 28, 1998",2.04
"May 29, 1998",2.1
"Jun 01, 1998",2.1
"Jun 02, 1998",2.2
"Jun 03, 1998",2.13
"Jun 04, 1998",2.04
"Jun 05, 1998",2.01
"Jun 08, 1998",2
"Jun 09, 1998",2.01
"Jun 10, 1998",1.98
"Jun 11, 1998",1.99
"Jun 12, 1998",2.01
"Jun 15, 1998",2.08
"Jun 16, 1998",2.1
"Jun 17, 1998",2.05
"Jun 18, 1998",2.14
"Jun 19, 1998",2.2
"Jun 22, 1998",2.35
"Jun 23, 1998",2.35
"Jun 24, 1998",2.4
"Jun 25, 1998",2.39
"Jun 26, 1998",2.4
"Jun 29, 1998",2.36
"Jun 30, 1998",2.39
"Jul 01, 1998",2.46
"Jul 02, 1998",2.36
"Jul 06, 1998",2.38
"Jul 07, 1998",2.35
"Jul 08, 1998",2.39
"Jul 09, 1998",2.38
"Jul 10, 1998",2.32
"Jul 13, 1998",2.3
"Jul 14, 1998",2.23
"Jul 15, 1998",2.21
"Jul 16, 1998",2.15
"Jul 17, 1998",2.15
"Jul 20, 1998",2.18
"Jul 21, 1998",2.09
"Jul 22, 1998",2
"Jul 23, 1998",2
"Jul 24, 1998",1.97
"Jul 27, 1998",2
"Jul 28, 1998",1.97
"Jul 29, 1998",1.99
"Jul 30, 1998",1.95
"Jul 31, 1998",1.85
"Aug 03, 1998",1.84
"Aug 04, 1998",1.9
"Aug 05, 1998",1.91
"Aug 06, 1998",1.85
"Aug 07, 1998",1.82
"Aug 10, 1998",1.87
"Aug 11, 1998",1.87
"Aug 12, 1998",1.85
"Aug 13, 1998",1.83
"Aug 14, 1998",1.83
"Aug 17, 1998",1.93
"Aug 18, 1998",1.94
"Aug 19, 1998",1.96
"Aug 20, 1998",1.9
"Aug 21, 1998",1.93
"Aug 24, 1998",1.9
"Aug 25, 1998",1.89
"Aug 26, 1998",1.83
"Aug 27, 1998",1.76
"Aug 28, 1998",1.66
"Aug 31, 1998",1.61
"Sep 01, 1998",1.84
"Sep 02, 1998",1.72
"Sep 03, 1998",1.71
"Sep 04, 1998",1.71
"Sep 08, 1998",1.81
"Sep 09, 1998",1.78
"Sep 10, 1998",1.88
"Sep 11, 1998",1.86
"Sep 14, 1998",1.86
"Sep 15, 1998",1.94
"Sep 16, 1998",2.15
"Sep 17, 1998",2.12
"Sep 18, 1998",2.27
"Sep 21, 1998",2.18
"Sep 22, 1998",2.29
"Sep 23, 1998",2.19
"Sep 24, 1998",2.17
"Sep 25, 1998",2.38
"Sep 28, 1998",2.23
"Sep 29, 1998",2.06
"Sep 30, 1998",2.22
"Oct 01, 1998",2.33
"Oct 02, 1998",2.14
"Oct 05, 1998",2.09
"Oct 06, 1998",2.01
"Oct 07, 1998",2.05
"Oct 08, 1998",2.02
"Oct 09, 1998",1.8
"Oct 12, 1998",1.75
"Oct 13, 1998",1.7
"Oct 14, 1998",1.8
"Oct 15, 1998",1.75
"Oct 16, 1998",1.64
"Oct 19, 1998",1.74
"Oct 20, 1998",1.95
"Oct 21, 1998",2.04
"Oct 22, 1998",1.95
"Oct 23, 1998",1.84
"Oct 26, 1998",1.92
"Oct 27, 1998",1.85
"Oct 28, 1998",1.7
"Oct 29, 1998",2
"Oct 30, 1998",2
"Nov 02, 1998",1.84
"Nov 03, 1998",2.1
"Nov 04, 1998",2.11
"Nov 05, 1998",2.26
"Nov 06, 1998",2.25
"Nov 09, 1998",2.28
"Nov 10, 1998",2.3
"Nov 11, 1998",2.33
"Nov 12, 1998",2.21
"Nov 13, 1998",2.21
"Nov 16, 1998",2.19
"Nov 17, 1998",2.12
"Nov 18, 1998",2.1
"Nov 19, 1998",2.1
"Nov 20, 1998",2.07
"Nov 23, 1998",2.02
"Nov 24, 1998",2.08
"Nov 25, 1998",2.13
"Nov 30, 1998",1.63
"Dec 01, 1998",1.41
"Dec 02, 1998",1.4
"Dec 03, 1998",1.21
"Dec 04, 1998",1.05
"Dec 07, 1998",1.44
"Dec 08, 1998",1.79
"Dec 09, 1998",1.64
"Dec 10, 1998",1.59
"Dec 11, 1998",1.55
"Dec 14, 1998",1.8
"Dec 15, 1998",1.86
"Dec 16, 1998",1.95
"Dec 17, 1998",2.02
"Dec 18, 1998",2.02
"Dec 21, 1998",2.05
"Dec 22, 1998",1.96
"Dec 23, 1998",1.88
"Dec 24, 1998",1.89
"Dec 28, 1998",1.79
"Dec 29, 1998",1.82
"Dec 30, 1998",1.81
"Dec 31, 1998",1.95
"Jan 04, 1999",2.1
"Jan 05, 1999",2.05
"Jan 06, 1999",2.04
"Jan 07, 1999",1.91
"Jan 08, 1999",1.9
"Jan 11, 1999",1.83
"Jan 12, 1999",1.82
"Jan 13, 1999",1.87
"Jan 14, 1999",1.77
"Jan 15, 1999",1.78
"Jan 19, 1999",1.77
"Jan 20, 1999",1.81
"Jan 21, 1999",1.85
"Jan 22, 1999",1.82
"Jan 25, 1999",1.76
"Jan 26, 1999",1.73
"Jan 27, 1999",1.75
"Jan 28, 1999",1.75
"Jan 29, 1999",1.83
"Feb 01, 1999",1.75
"Feb 02, 1999",1.78
"Feb 03, 1999",1.8
"Feb 04, 1999",1.79
"Feb 05, 1999",1.81
"Feb 08, 1999",1.81
"Feb 09, 1999",1.82
"Feb 10, 1999",1.8
"Feb 11, 1999",1.78
"Feb 12, 1999",1.82
"Feb 16, 1999",1.79
"Feb 17, 1999",1.79
"Feb 18, 1999",1.8
"Feb 19, 1999",1.79
"Feb 22, 1999",1.77
"Feb 23, 1999",1.75
"Feb 24, 1999",1.73
"Feb 25, 1999",1.64
"Feb 26, 1999",1.63
"Mar 01, 1999",1.65
"Mar 02, 1999",1.67
"Mar 03, 1999",1.68
"Mar 04, 1999",1.72
"Mar 05, 1999",1.74
"Mar 08, 1999",1.87
"Mar 09, 1999",1.86
"Mar 10, 1999",1.94
"Mar 11, 1999",1.87
"Mar 12, 1999",1.81
"Mar 15, 1999",1.75
"Mar 16, 1999",1.75
"Mar 17, 1999",1.75
"Mar 18, 1999",1.75
"Mar 19, 1999",1.73
"Mar 22, 1999",1.74
"Mar 23, 1999",1.8
"Mar 24, 1999",1.79
"Mar 25, 1999",1.8
"Mar 26, 1999",1.83
"Mar 29, 1999",1.8
"Mar 30, 1999",1.89
"Mar 31, 1999",2.02
"Apr 01, 1999",1.95
"Apr 05, 1999",2.03
"Apr 06, 1999",1.98
"Apr 07, 1999",2.03
"Apr 08, 1999",2.07
"Apr 09, 1999",2.1
"Apr 12, 1999",2.06
"Apr 13, 1999",2.14
"Apr 14, 1999",2.11
"Apr 15, 1999",2.14
"Apr 16, 1999",2.14
"Apr 19, 1999",2.1
"Apr 20, 1999",2.18
"Apr 21, 1999",2.17
"Apr 22, 1999",2.24
"Apr 23, 1999",2.23
"Apr 26, 1999",2.23
"Apr 27, 1999",2.32
"Apr 28, 1999",2.31
"Apr 29, 1999",2.37
"Apr 30, 1999",2.25
"May 03, 1999",2.23
"May 04, 1999",2.32
"May 05, 1999",2.36
"May 06, 1999",2.32
"May 07, 1999",2.25
"May 10, 1999",2.25
"May 11, 1999",2.29
"May 12, 1999",2.19
"May 13, 1999",2.21
"May 14, 1999",2.28
"May 17, 1999",2.31
"May 18, 1999",2.3
"May 19, 1999",2.27
"May 20, 1999",2.26
"May 21, 1999",2.21
"May 24, 1999",2.19
"May 25, 1999",2.18
"May 26, 1999",2.22
"May 27, 1999",2.27
"May 28, 1999",2.29
"Jun 01, 1999",2.34
"Jun 02, 1999",2.36
"Jun 03, 1999",2.35
"Jun 04, 1999",2.31
"Jun 07, 1999",2.41
"Jun 08, 1999",2.38
"Jun 09, 1999",2.39
"Jun 10, 1999",2.37
"Jun 11, 1999",2.3
"Jun 14, 1999",2.29
"Jun 15, 1999",2.28
"Jun 16, 1999",2.28
"Jun 17, 1999",2.24
"Jun 18, 1999",2.24
"Jun 21, 1999",2.22
"Jun 22, 1999",2.23
"Jun 23, 1999",2.25
"Jun 24, 1999",2.26
"Jun 25, 1999",2.27
"Jun 28, 1999",2.25
"Jun 29, 1999",2.33
"Jun 30, 1999",2.34
"Jul 01, 1999",2.29
"Jul 02, 1999",2.26
"Jul 06, 1999",2.29
"Jul 07, 1999",2.2
"Jul 08, 1999",2.19
"Jul 09, 1999",2.17
"Jul 12, 1999",2.12
"Jul 13, 1999",2.14
"Jul 14, 1999",2.16
"Jul 15, 1999",2.12
"Jul 16, 1999",2.18
"Jul 19, 1999",2.2
"Jul 20, 1999",2.24
"Jul 21, 1999",2.25
"Jul 22, 1999",2.32
"Jul 23, 1999",2.42
"Jul 26, 1999",2.55
"Jul 27, 1999",2.55
"Jul 28, 1999",2.58
"Jul 29, 1999",2.67
"Jul 30, 1999",2.55
"Aug 02, 1999",2.51
"Aug 03, 1999",2.61
"Aug 04, 1999",2.64
"Aug 05, 1999",2.69
"Aug 06, 1999",2.69
"Aug 09, 1999",2.73
"Aug 10, 1999",2.77
"Aug 11, 1999",2.79
"Aug 12, 1999",2.73
"Aug 13, 1999",2.71
"Aug 16, 1999",2.73
"Aug 17, 1999",2.7
"Aug 18, 1999",2.75
"Aug 19, 1999",2.87
"Aug 20, 1999",2.97
"Aug 23, 1999",2.95
"Aug 24, 1999",3.01
"Aug 25, 1999",3.1
"Aug 26, 1999",2.97
"Aug 27, 1999",2.87
"Aug 30, 1999",2.85
"Aug 31, 1999",2.84
"Sep 01, 1999",2.71
"Sep 02, 1999",2.56
"Sep 03, 1999",2.47
"Sep 07, 1999",2.56
"Sep 08, 1999",2.66
"Sep 09, 1999",2.75
"Sep 10, 1999",2.84
"Sep 13, 1999",2.8
"Sep 14, 1999",2.66
"Sep 15, 1999",2.52
"Sep 16, 1999",2.47
"Sep 17, 1999",2.45
"Sep 20, 1999",2.49
"Sep 21, 1999",2.33
"Sep 22, 1999",2.3
"Sep 23, 1999",2.45
"Sep 24, 1999",2.54
"Sep 27, 1999",2.51
"Sep 28, 1999",2.52
"Sep 29, 1999",2.57
"Sep 30, 1999",2.31
"Oct 01, 1999",2.39
"Oct 04, 1999",2.49
"Oct 05, 1999",2.45
"Oct 06, 1999",2.48
"Oct 07, 1999",2.49
"Oct 08, 1999",2.35
"Oct 11, 1999",2.53
"Oct 12, 1999",2.65
"Oct 13, 1999",2.81
"Oct 14, 1999",2.7
"Oct 15, 1999",2.66
"Oct 18, 1999",2.82
"Oct 19, 1999",2.89
"Oct 20, 1999",2.9
"Oct 21, 1999",2.99
"Oct 22, 1999",3
"Oct 25, 1999",2.98
"Oct 26, 1999",2.96
"Oct 27, 1999",3.02
"Oct 28, 1999",2.97
"Oct 29, 1999",2.76
"Nov 01, 1999",2.73
"Nov 02, 1999",2.81
"Nov 03, 1999",2.82
"Nov 04, 1999",2.75
"Nov 05, 1999",2.62
"Nov 08, 1999",2.59
"Nov 09, 1999",2.44
"Nov 10, 1999",2.39
"Nov 11, 1999",2.38
"Nov 12, 1999",2.16
"Nov 15, 1999",2.33
"Nov 16, 1999",2.23
"Nov 17, 1999",2.24
"Nov 18, 1999",2.22
"Nov 19, 1999",2.16
"Nov 22, 1999",2.05
"Nov 23, 1999",1.99
"Nov 24, 1999",1.96
"Nov 29, 1999",2.25
"Nov 30, 1999",2.22
"Dec 01, 1999",2.17
"Dec 02, 1999",2.18
"Dec 03, 1999",2.16
"Dec 06, 1999",2.19
"Dec 07, 1999",2.16
"Dec 08, 1999",2.23
"Dec 09, 1999",2.2
"Dec 10, 1999",2.27
"Dec 13, 1999",2.35
"Dec 14, 1999",2.49
"Dec 15, 1999",2.54
"Dec 16, 1999",2.52
"Dec 17, 1999",2.55
"Dec 20, 1999",2.67
"Dec 21, 1999",2.59
"Dec 22, 1999",2.45
"Dec 23, 1999",2.42
"Dec 27, 1999",2.36
"Dec 28, 1999",2.32
"Dec 29, 1999",2.34
"Dec 30, 1999",2.3
"Jan 04, 2000",2.16
"Jan 05, 2000",2.17
"Jan 06, 2000",2.18
"Jan 07, 2000",2.19
"Jan 10, 2000",2.2
"Jan 11, 2000",2.23
"Jan 12, 2000",2.25
"Jan 13, 2000",2.29
"Jan 14, 2000",2.28
"Jan 18, 2000",2.35
"Jan 19, 2000",2.4
"Jan 20, 2000",2.53
"Jan 21, 2000",2.55
"Jan 24, 2000",2.55
"Jan 25, 2000",2.66
"Jan 26, 2000",2.73
"Jan 27, 2000",2.76
"Jan 28, 2000",2.84
"Jan 31, 2000",2.69
"Feb 01, 2000",2.81
"Feb 02, 2000",2.91
"Feb 03, 2000",2.85
"Feb 04, 2000",2.78
"Feb 07, 2000",2.81
"Feb 08, 2000",2.6
"Feb 09, 2000",2.62
"Feb 10, 2000",2.65
"Feb 11, 2000",2.65
"Feb 14, 2000",2.61
"Feb 15, 2000",2.61
"Feb 16, 2000",2.65
"Feb 17, 2000",2.66
"Feb 18, 2000",2.65
"Feb 22, 2000",2.55
"Feb 23, 2000",2.5
"Feb 24, 2000",2.52
"Feb 25, 2000",2.51
"Feb 28, 2000",2.6
"Feb 29, 2000",2.65
"Mar 01, 2000",2.71
"Mar 02, 2000",2.8
"Mar 03, 2000",2.72
"Mar 06, 2000",2.76
"Mar 07, 2000",2.78
"Mar 08, 2000",2.74
"Mar 09, 2000",2.69
"Mar 13, 2000",2.79
"Mar 14, 2000",2.83
"Mar 15, 2000",2.76
"Mar 16, 2000",2.84
"Mar 17, 2000",2.81
"Mar 20, 2000",2.73
"Mar 21, 2000",2.74
"Mar 22, 2000",2.78
"Mar 23, 2000",2.76
"Mar 24, 2000",2.82
"Mar 27, 2000",2.82
"Mar 28, 2000",2.94
"Mar 29, 2000",2.92
"Mar 30, 2000",2.83
"Mar 31, 2000",2.88
"Apr 03, 2000",2.92
"Apr 04, 2000",2.87
"Apr 05, 2000",2.86
"Apr 06, 2000",2.98
"Apr 07, 2000",2.99
"Apr 10, 2000",2.97
"Apr 11, 2000",2.98
"Apr 12, 2000",3.05
"Apr 13, 2000",3.05
"Apr 14, 2000",3.11
"Apr 17, 2000",3.13
"Apr 18, 2000",3.12
"Apr 19, 2000",3.12
"Apr 20, 2000",3.07
"Apr 24, 2000",3.12
"Apr 25, 2000",3.18
"Apr 26, 2000",3.12
"Apr 27, 2000",3.06
"Apr 28, 2000",3.09
"May 01, 2000",3.16
"May 02, 2000",3.2
"May 03, 2000",3.18
"May 04, 2000",3.09
"May 05, 2000",3.11
"May 08, 2000",3.12
"May 09, 2000",3.25
"May 10, 2000",3.2
"May 11, 2000",3.37
"May 12, 2000",3.35
"May 15, 2000",3.37
"May 16, 2000",3.45
"May 17, 2000",3.49
"May 18, 2000",3.73
"May 19, 2000",3.76
"May 22, 2000",3.95
"May 23, 2000",3.85
"May 24, 2000",3.94
"May 25, 2000",4.18
"May 26, 2000",4.29
"May 30, 2000",4.35
"May 31, 2000",4.52
"Jun 01, 2000",4.39
"Jun 02, 2000",4.21
"Jun 05, 2000",4.17
"Jun 06, 2000",4.48
"Jun 07, 2000",4.23
"Jun 08, 2000",3.96
"Jun 09, 2000",4.14
"Jun 12, 2000",4.22
"Jun 13, 2000",4.27
"Jun 14, 2000",4.16
"Jun 15, 2000",4.38
"Jun 16, 2000",4.45
"Jun 19, 2000",4.38
"Jun 20, 2000",4.02
"Jun 21, 2000",4.14
"Jun 22, 2000",4.44
"Jun 23, 2000",4.42
"Jun 26, 2000",4.37
"Jun 27, 2000",4.55
"Jun 28, 2000",4.44
"Jun 29, 2000",4.25
"Jun 30, 2000",4.36
"Jul 03, 2000",4.36
"Jul 05, 2000",4.24
"Jul 06, 2000",4.02
"Jul 07, 2000",4
"Jul 10, 2000",4.19
"Jul 11, 2000",4.17
"Jul 12, 2000",4.29
"Jul 13, 2000",4.08
"Jul 14, 2000",4.17
"Jul 17, 2000",4.13
"Jul 18, 2000",3.99
"Jul 19, 2000",4.07
"Jul 20, 2000",3.86
"Jul 21, 2000",3.88
"Jul 24, 2000",3.74
"Jul 25, 2000",3.63
"Jul 26, 2000",3.59
"Jul 27, 2000",3.75
"Jul 28, 2000",3.89
"Jul 31, 2000",3.75
"Aug 01, 2000",3.78
"Aug 02, 2000",4.05
"Aug 03, 2000",4.23
"Aug 04, 2000",4.25
"Aug 07, 2000",4.39
"Aug 08, 2000",4.46
"Aug 09, 2000",4.48
"Aug 10, 2000",4.43
"Aug 11, 2000",4.44
"Aug 14, 2000",4.42
"Aug 15, 2000",4.24
"Aug 16, 2000",4.24
"Aug 17, 2000",4.35
"Aug 18, 2000",4.38
"Aug 21, 2000",4.6
"Aug 22, 2000",4.8
"Aug 23, 2000",4.67
"Aug 24, 2000",4.53
"Aug 25, 2000",4.55
"Aug 28, 2000",4.62
"Aug 29, 2000",4.6
"Aug 30, 2000",4.61
"Aug 31, 2000",4.76
"Sep 01, 2000",4.7
"Sep 05, 2000",4.81
"Sep 06, 2000",4.89
"Sep 07, 2000",4.85
"Sep 08, 2000",4.74
"Sep 11, 2000",4.85
"Sep 12, 2000",4.96
"Sep 13, 2000",5.06
"Sep 14, 2000",5.1
"Sep 15, 2000",5.28
"Sep 18, 2000",5.06
"Sep 19, 2000",5.22
"Sep 20, 2000",5.24
"Sep 21, 2000",5.16
"Sep 22, 2000",5.16
"Sep 25, 2000",5.12
"Sep 26, 2000",5.28
"Sep 27, 2000",5.34
"Sep 28, 2000",5.2
"Sep 29, 2000",5.1
"Oct 02, 2000",5.24
"Oct 03, 2000",5.29
"Oct 04, 2000",5.22
"Oct 05, 2000",5.21
"Oct 06, 2000",5.04
"Oct 09, 2000",5.09
"Oct 10, 2000",5.16
"Oct 11, 2000",5.1
"Oct 12, 2000",5.54
"Oct 13, 2000",5.43
"Oct 16, 2000",5.34
"Oct 17, 2000",5.27
"Oct 18, 2000",5.36
"Oct 19, 2000",5.04
"Oct 20, 2000",4.84
"Oct 23, 2000",4.82
"Oct 24, 2000",4.84
"Oct 25, 2000",4.64
"Oct 26, 2000",4.61
"Oct 27, 2000",4.48
"Oct 30, 2000",4.56
"Oct 31, 2000",4.37
"Nov 01, 2000",4.4
"Nov 02, 2000",4.5
"Nov 03, 2000",4.64
"Nov 06, 2000",4.6
"Nov 07, 2000",4.68
"Nov 08, 2000",4.92
"Nov 09, 2000",5.34
"Nov 10, 2000",5.24
"Nov 13, 2000",5.59
"Nov 14, 2000",5.81
"Nov 15, 2000",5.95
"Nov 16, 2000",5.94
"Nov 17, 2000",5.62
"Nov 20, 2000",6.23
"Nov 21, 2000",6.35
"Nov 22, 2000",6.3
"Nov 27, 2000",6.24
"Nov 28, 2000",5.9
"Nov 29, 2000",5.93
"Nov 30, 2000",6.31
"Dec 01, 2000",6.53
"Dec 04, 2000",7.41
"Dec 05, 2000",8.03
"Dec 06, 2000",8.75
"Dec 07, 2000",8.48
"Dec 08, 2000",8.13
"Dec 11, 2000",9.96
"Dec 12, 2000",8.58
"Dec 13, 2000",7.8
"Dec 14, 2000",7.48
"Dec 15, 2000",8.03
"Dec 18, 2000",9.28
"Dec 19, 2000",9.11
"Dec 20, 2000",9.95
"Dec 21, 2000",10.49
"Dec 22, 2000",10.48
"Dec 26, 2000",10.23
"Dec 27, 2000",9.58
"Dec 28, 2000",9.22
"Dec 29, 2000",10.48
"Jan 02, 2001",9.97
"Jan 03, 2001",9.71
"Jan 04, 2001",9.45
"Jan 05, 2001",10.03
"Jan 08, 2001",10.31
"Jan 09, 2001",9.95
"Jan 10, 2001",9.91
"Jan 11, 2001",8.95
"Jan 12, 2001",8.75
"Jan 16, 2001",8.16
"Jan 17, 2001",7.85
"Jan 18, 2001",7.09
"Jan 19, 2001",7.61
"Jan 22, 2001",7.7
"Jan 23, 2001",7.02
"Jan 24, 2001",6.81
"Jan 25, 2001",6.81
"Jan 26, 2001",7
"Jan 29, 2001",6.76
"Jan 30, 2001",5.96
"Jan 31, 2001",5.83
"Feb 01, 2001",5.82
"Feb 02, 2001",6.76
"Feb 05, 2001",6.15
"Feb 06, 2001",5.59
"Feb 07, 2001",5.67
"Feb 08, 2001",6.24
"Feb 09, 2001",6.24
"Feb 12, 2001",5.74
"Feb 13, 2001",5.58
"Feb 14, 2001",5.89
"Feb 15, 2001",5.35
"Feb 16, 2001",5.57
"Feb 20, 2001",5.17
"Feb 21, 2001",5.2
"Feb 22, 2001",5.11
"Feb 23, 2001",5.05
"Feb 26, 2001",5.07
"Feb 27, 2001",5.07
"Feb 28, 2001",5.25
"Mar 01, 2001",5.25
"Mar 02, 2001",5.06
"Mar 05, 2001",5.32
"Mar 06, 2001",5.27
"Mar 07, 2001",5.22
"Mar 08, 2001",5.25
"Mar 09, 2001",5.13
"Mar 12, 2001",4.98
"Mar 13, 2001",5.08
"Mar 14, 2001",4.99
"Mar 15, 2001",5.27
"Mar 16, 2001",5.27
"Mar 19, 2001",5.27
"Mar 20, 2001",5.27
"Mar 21, 2001",5.16
"Mar 22, 2001",5.16
"Mar 23, 2001",5.16
"Mar 26, 2001",5.23
"Mar 27, 2001",5.47
"Mar 28, 2001",5.6
"Mar 29, 2001",5.31
"Mar 30, 2001",5.35
"Apr 02, 2001",5.25
"Apr 03, 2001",5.25
"Apr 04, 2001",5.24
"Apr 05, 2001",5.27
"Apr 06, 2001",5.33
"Apr 09, 2001",5.45
"Apr 10, 2001",5.55
"Apr 11, 2001",5.45
"Apr 12, 2001",5.32
"Apr 16, 2001",5.48
"Apr 17, 2001",5.36
"Apr 18, 2001",5.15
"Apr 19, 2001",5.06
"Apr 20, 2001",5
"Apr 23, 2001",5.09
"Apr 24, 2001",5.13
"Apr 25, 2001",4.98
"Apr 26, 2001",4.92
"Apr 27, 2001",4.83
"Apr 30, 2001",4.73
"May 01, 2001",4.55
"May 02, 2001",4.54
"May 03, 2001",4.46
"May 04, 2001",4.5
"May 07, 2001",4.33
"May 08, 2001",4.22
"May 09, 2001",4.15
"May 10, 2001",4.17
"May 11, 2001",4.25
"May 14, 2001",4.28
"May 15, 2001",4.46
"May 16, 2001",4.46
"May 17, 2001",4.2
"May 18, 2001",4.15
"May 21, 2001",4.14
"May 22, 2001",4.04
"May 23, 2001",4.11
"May 24, 2001",4.12
"May 25, 2001",3.83
"May 29, 2001",3.86
"May 30, 2001",3.66
"May 31, 2001",3.73
"Jun 01, 2001",3.7
"Jun 04, 2001",3.98
"Jun 05, 2001",3.93
"Jun 06, 2001",3.76
"Jun 07, 2001",3.68
"Jun 08, 2001",3.62
"Jun 11, 2001",3.91
"Jun 12, 2001",4.05
"Jun 13, 2001",4.13
"Jun 14, 2001",3.92
"Jun 15, 2001",3.86
"Jun 18, 2001",3.91
"Jun 19, 2001",3.96
"Jun 20, 2001",3.83
"Jun 21, 2001",3.69
"Jun 22, 2001",3.68
"Jun 25, 2001",3.56
"Jun 26, 2001",3.46
"Jun 27, 2001",3.39
"Jun 28, 2001",3.2
"Jun 29, 2001",2.91
"Jul 02, 2001",2.92
"Jul 03, 2001",3
"Jul 05, 2001",3.09
"Jul 06, 2001",2.99
"Jul 09, 2001",3.1
"Jul 10, 2001",3.2
"Jul 11, 2001",3.21
"Jul 12, 2001",3.29
"Jul 13, 2001",3.15
"Jul 16, 2001",3.08
"Jul 17, 2001",3.14
"Jul 18, 2001",3.15
"Jul 19, 2001",3.01
"Jul 20, 2001",2.97
"Jul 23, 2001",3.02
"Jul 24, 2001",3
"Jul 25, 2001",3.06
"Jul 26, 2001",3.26
"Jul 27, 2001",3.06
"Jul 30, 2001",3.28
"Jul 31, 2001",3.31
"Aug 01, 2001",3.27
"Aug 02, 2001",3.15
"Aug 03, 2001",3.06
"Aug 06, 2001",3.07
"Aug 07, 2001",3.16
"Aug 08, 2001",3.11
"Aug 09, 2001",3.1
"Aug 10, 2001",2.99
"Aug 13, 2001",3
"Aug 14, 2001",3.05
"Aug 15, 2001",3.15
"Aug 16, 2001",3.46
"Aug 17, 2001",3.24
"Aug 20, 2001",3.17
"Aug 21, 2001",3.18
"Aug 22, 2001",3.2
"Aug 23, 2001",2.87
"Aug 24, 2001",2.77
"Aug 27, 2001",2.61
"Aug 28, 2001",2.57
"Aug 29, 2001",2.46
"Aug 30, 2001",2.47
"Aug 31, 2001",2.15
"Sep 04, 2001",2.23
"Sep 05, 2001",2.34
"Sep 06, 2001",2.43
"Sep 07, 2001",2.36
"Sep 10, 2001",2.38
"Sep 11, 2001",2.38
"Sep 12, 2001",2.44
"Sep 13, 2001",2.39
"Sep 14, 2001",2.41
"Sep 17, 2001",2.36
"Sep 18, 2001",2.18
"Sep 19, 2001",2.13
"Sep 20, 2001",2.06
"Sep 21, 2001",2.04
"Sep 24, 2001",1.99
"Sep 25, 2001",1.94
"Sep 26, 2001",1.88
"Sep 27, 2001",1.9
"Sep 28, 2001",1.8
"Oct 01, 2001",1.74
"Oct 02, 2001",1.83
"Oct 03, 2001",1.97
"Oct 04, 2001",2.13
"Oct 05, 2001",2.11
"Oct 08, 2001",2.02
"Oct 09, 2001",2.11
"Oct 10, 2001",2.22
"Oct 11, 2001",2.41
"Oct 12, 2001",2.28
"Oct 15, 2001",2.26
"Oct 16, 2001",2.51
"Oct 17, 2001",2.61
"Oct 18, 2001",2.39
"Oct 19, 2001",2.31
"Oct 22, 2001",2.61
"Oct 23, 2001",2.82
"Oct 24, 2001",2.67
"Oct 25, 2001",3.15
"Oct 26, 2001",3.06
"Oct 29, 2001",3.21
"Oct 30, 2001",3.11
"Oct 31, 2001",3.07
"Nov 01, 2001",2.99
"Nov 02, 2001",2.93
"Nov 05, 2001",2.87
"Nov 06, 2001",2.72
"Nov 07, 2001",2.73
"Nov 08, 2001",2.68
"Nov 09, 2001",2.61
"Nov 12, 2001",2.45
"Nov 13, 2001",2.38
"Nov 14, 2001",2.29
"Nov 15, 2001",1.99
"Nov 16, 2001",1.69
"Nov 19, 2001",2.08
"Nov 20, 2001",2.55
"Nov 21, 2001",1.91
"Nov 26, 2001",1.79
"Nov 27, 2001",1.87
"Nov 28, 2001",2.3
"Nov 29, 2001",2.19
"Nov 30, 2001",1.83
"Dec 03, 2001",2.1
"Dec 04, 2001",2
"Dec 05, 2001",1.89
"Dec 06, 2001",1.81
"Dec 07, 2001",2.11
"Dec 10, 2001",2.28
"Dec 11, 2001",2.58
"Dec 12, 2001",2.57
"Dec 13, 2001",2.4
"Dec 14, 2001",2.4
"Dec 17, 2001",2.4
"Dec 18, 2001",2.4
"Dec 19, 2001",2.4
"Dec 20, 2001",2.4
"Dec 21, 2001",2.4
"Dec 26, 2001",2.4
"Dec 27, 2001",2.4
"Dec 28, 2001",2.4
"Dec 31, 2001",2.4
"Jan 02, 2002",2.55
"Jan 03, 2002",2.58
"Jan 04, 2002",2.58
"Jan 07, 2002",2.58
"Jan 08, 2002",2.39
"Jan 09, 2002",2.31
"Jan 10, 2002",2.32
"Jan 11, 2002",2.32
"Jan 14, 2002",2.32
"Jan 15, 2002",2.32
"Jan 16, 2002",2.38
"Jan 17, 2002",2.4
"Jan 18, 2002",2.28
"Jan 22, 2002",2.28
"Jan 23, 2002",2.28
"Jan 24, 2002",2.13
"Jan 25, 2002",2.03
"Jan 28, 2002",2.03
"Jan 29, 2002",2.03
"Jan 30, 2002",2.28
"Jan 31, 2002",2.28
"Feb 01, 2002",2.28
"Feb 04, 2002",2.28
"Feb 05, 2002",2.28
"Feb 06, 2002",2.14
"Feb 07, 2002",2.17
"Feb 08, 2002",2.21
"Feb 11, 2002",2.22
"Feb 12, 2002",2.39
"Feb 13, 2002",2.37
"Feb 14, 2002",2.26
"Feb 15, 2002",2.18
"Feb 19, 2002",2.32
"Feb 20, 2002",2.41
"Feb 21, 2002",2.4
"Feb 22, 2002",2.4
"Feb 25, 2002",2.4
"Feb 26, 2002",2.46
"Feb 27, 2002",2.49
"Feb 28, 2002",2.49
"Mar 01, 2002",2.51
"Mar 04, 2002",2.66
"Mar 05, 2002",2.63
"Mar 06, 2002",2.52
"Mar 07, 2002",2.73
"Mar 08, 2002",2.82
"Mar 11, 2002",2.9
"Mar 12, 2002",2.94
"Mar 13, 2002",2.97
"Mar 14, 2002",2.78
"Mar 15, 2002",2.99
"Mar 18, 2002",3.15
"Mar 19, 2002",3.33
"Mar 20, 2002",3.29
"Mar 21, 2002",3.2
"Mar 22, 2002",3.57
"Mar 25, 2002",3.46
"Mar 26, 2002",3.59
"Mar 27, 2002",3.35
"Mar 28, 2002",3.18
"Apr 01, 2002",3.43
"Apr 02, 2002",3.72
"Apr 03, 2002",3.68
"Apr 04, 2002",3.56
"Apr 05, 2002",3.31
"Apr 08, 2002",3.36
"Apr 09, 2002",3.25
"Apr 10, 2002",3.25
"Apr 11, 2002",3.14
"Apr 12, 2002",3.07
"Apr 15, 2002",3.27
"Apr 16, 2002",3.44
"Apr 17, 2002",3.4
"Apr 18, 2002",3.5
"Apr 19, 2002",3.4
"Apr 22, 2002",3.58
"Apr 23, 2002",3.63
"Apr 24, 2002",3.53
"Apr 25, 2002",3.46
"Apr 26, 2002",3.32
"Apr 29, 2002",3.44
"Apr 30, 2002",3.65
"May 01, 2002",3.79
"May 02, 2002",3.65
"May 03, 2002",3.71
"May 06, 2002",3.61
"May 07, 2002",3.5
"May 08, 2002",3.74
"May 09, 2002",3.72
"May 10, 2002",3.7
"May 13, 2002",3.62
"May 14, 2002",3.75
"May 15, 2002",3.6
"May 16, 2002",3.45
"May 17, 2002",3.41
"May 20, 2002",3.44
"May 21, 2002",3.33
"May 22, 2002",3.39
"May 23, 2002",3.38
"May 24, 2002",3.21
"May 28, 2002",3.18
"May 29, 2002",3.3
"May 30, 2002",3.33
"May 31, 2002",3.15
"Jun 03, 2002",3.18
"Jun 04, 2002",3.31
"Jun 05, 2002",3.29
"Jun 06, 2002",3.29
"Jun 07, 2002",3.11
"Jun 10, 2002",3.14
"Jun 11, 2002",3.11
"Jun 12, 2002",3.15
"Jun 13, 2002",3.04
"Jun 14, 2002",3.13
"Jun 17, 2002",3.34
"Jun 18, 2002",3.23
"Jun 19, 2002",3.24
"Jun 20, 2002",3.33
"Jun 21, 2002",3.18
"Jun 24, 2002",3.33
"Jun 25, 2002",3.49
"Jun 26, 2002",3.92
"Jun 27, 2002",3.22
"Jun 28, 2002",3.2
"Jul 01, 2002",3.28
"Jul 02, 2002",3.17
"Jul 03, 2002",3.08
"Jul 08, 2002",3.06
"Jul 09, 2002",2.97
"Jul 10, 2002",3.04
"Jul 11, 2002",2.85
"Jul 12, 2002",2.87
"Jul 15, 2002",2.83
"Jul 16, 2002",2.89
"Jul 17, 2002",2.97
"Jul 18, 2002",2.85
"Jul 19, 2002",2.95
"Jul 22, 2002",3.01
"Jul 23, 2002",2.95
"Jul 24, 2002",2.91
"Jul 25, 2002",3.05
"Jul 26, 2002",2.94
"Jul 29, 2002",3.07
"Jul 30, 2002",2.97
"Jul 31, 2002",3.02
"Aug 01, 2002",3.07
"Aug 02, 2002",2.9
"Aug 05, 2002",2.81
"Aug 06, 2002",2.8
"Aug 07, 2002",2.73
"Aug 08, 2002",2.75
"Aug 09, 2002",2.83
"Aug 12, 2002",2.91
"Aug 13, 2002",3.01
"Aug 14, 2002",3.03
"Aug 15, 2002",2.92
"Aug 16, 2002",3.1
"Aug 19, 2002",3.1
"Aug 20, 2002",3.25
"Aug 21, 2002",3.22
"Aug 22, 2002",3.36
"Aug 23, 2002",3.48
"Aug 26, 2002",3.51
"Aug 27, 2002",3.47
"Aug 28, 2002",3.31
"Aug 29, 2002",3.25
"Aug 30, 2002",3.12
"Sep 03, 2002",3.1
"Sep 04, 2002",3.13
"Sep 05, 2002",3.2
"Sep 06, 2002",3.39
"Sep 09, 2002",3.24
"Sep 10, 2002",3.35
"Sep 11, 2002",3.33
"Sep 12, 2002",3.22
"Sep 13, 2002",3.37
"Sep 16, 2002",3.45
"Sep 17, 2002",3.46
"Sep 18, 2002",3.8
"Sep 19, 2002",3.9
"Sep 20, 2002",3.95
"Sep 23, 2002",3.87
"Sep 24, 2002",4
"Sep 25, 2002",3.76
"Sep 26, 2002",3.61
"Sep 27, 2002",3.76
"Sep 30, 2002",4.09
"Oct 01, 2002",4.41
"Oct 02, 2002",4.27
"Oct 03, 2002",4.23
"Oct 04, 2002",3.86
"Oct 07, 2002",3.77
"Oct 08, 2002",3.86
"Oct 09, 2002",3.91
"Oct 10, 2002",3.93
"Oct 11, 2002",3.8
"Oct 14, 2002",4.19
"Oct 15, 2002",4.19
"Oct 16, 2002",4.1
"Oct 17, 2002",4.1
"Oct 18, 2002",4.11
"Oct 21, 2002",4.23
"Oct 22, 2002",4.2
"Oct 23, 2002",4.24
"Oct 24, 2002",4.3
"Oct 25, 2002",4.12
"Oct 28, 2002",4.16
"Oct 29, 2002",4.2
"Oct 30, 2002",4.34
"Oct 31, 2002",4.39
"Nov 01, 2002",4.07
"Nov 04, 2002",3.94
"Nov 05, 2002",3.9
"Nov 06, 2002",3.92
"Nov 07, 2002",3.9
"Nov 08, 2002",3.76
"Nov 11, 2002",3.83
"Nov 12, 2002",3.83
"Nov 13, 2002",3.83
"Nov 14, 2002",3.9
"Nov 15, 2002",3.92
"Nov 18, 2002",4.18
"Nov 19, 2002",4.25
"Nov 20, 2002",4.27
"Nov 21, 2002",4.24
"Nov 22, 2002",4.32
"Nov 25, 2002",4.34
"Nov 26, 2002",4.23
"Nov 27, 2002",4.19
"Dec 02, 2002",4.23
"Dec 03, 2002",4.35
"Dec 04, 2002",4.24
"Dec 05, 2002",4.35
"Dec 06, 2002",4.39
"Dec 09, 2002",4.32
"Dec 10, 2002",4.4
"Dec 11, 2002",4.63
"Dec 12, 2002",4.81
"Dec 13, 2002",5.05
"Dec 16, 2002",5.31
"Dec 17, 2002",5.13
"Dec 18, 2002",4.98
"Dec 19, 2002",5.14
"Dec 20, 2002",5.05
"Dec 23, 2002",5.03
"Dec 24, 2002",5.03
"Dec 26, 2002",4.98
"Dec 27, 2002",4.81
"Dec 30, 2002",4.74
"Dec 31, 2002",4.59
"Jan 02, 2003",4.93
"Jan 03, 2003",5.13
"Jan 06, 2003",4.94
"Jan 07, 2003",4.89
"Jan 08, 2003",5.07
"Jan 09, 2003",5.05
"Jan 10, 2003",5.19
"Jan 13, 2003",5.23
"Jan 14, 2003",5.25
"Jan 15, 2003",5.21
"Jan 16, 2003",5.5
"Jan 17, 2003",5.66
"Jan 21, 2003",5.47
"Jan 22, 2003",5.72
"Jan 23, 2003",6.55
"Jan 24, 2003",5.91
"Jan 27, 2003",5.91
"Jan 28, 2003",5.52
"Jan 29, 2003",5.61
"Jan 30, 2003",5.76
"Jan 31, 2003",5.58
"Feb 03, 2003",5.71
"Feb 04, 2003",6.26
"Feb 05, 2003",6.22
"Feb 06, 2003",6.08
"Feb 07, 2003",6.3
"Feb 10, 2003",6.35
"Feb 11, 2003",6.19
"Feb 12, 2003",6.19
"Feb 13, 2003",5.81
"Feb 14, 2003",5.88
"Feb 18, 2003",6.09
"Feb 19, 2003",6.1
"Feb 20, 2003",6.38
"Feb 21, 2003",6.73
"Feb 24, 2003",11.98
"Feb 25, 2003",18.48
"Feb 26, 2003",10.47
"Feb 27, 2003",8.42
"Feb 28, 2003",10.81
"Mar 03, 2003",8.51
"Mar 04, 2003",7.71
"Mar 05, 2003",7.8
"Mar 06, 2003",7.57
"Mar 07, 2003",7.42
"Mar 10, 2003",6.78
"Mar 11, 2003",6.25
"Mar 12, 2003",5.8
"Mar 13, 2003",5.71
"Mar 14, 2003",5.17
"Mar 17, 2003",5.32
"Mar 18, 2003",5.13
"Mar 19, 2003",5.2
"Mar 20, 2003",5.2
"Mar 21, 2003",5.05
"Mar 24, 2003",5.07
"Mar 25, 2003",5.07
"Mar 26, 2003",4.9
"Mar 27, 2003",4.87
"Mar 28, 2003",5.06
"Mar 31, 2003",5.01
"Apr 01, 2003",4.9
"Apr 02, 2003",4.89
"Apr 03, 2003",4.91
"Apr 04, 2003",4.86
"Apr 07, 2003",4.98
"Apr 08, 2003",5.21
"Apr 09, 2003",5.11
"Apr 10, 2003",5.18
"Apr 11, 2003",5.28
"Apr 14, 2003",5.29
"Apr 15, 2003",5.53
"Apr 16, 2003",5.62
"Apr 17, 2003",5.54
"Apr 21, 2003",5.55
"Apr 22, 2003",5.58
"Apr 23, 2003",5.58
"Apr 24, 2003",5.46
"Apr 25, 2003",5.39
"Apr 28, 2003",5.3
"Apr 29, 2003",5.12
"Apr 30, 2003",5.25
"May 01, 2003",5.32
"May 02, 2003",5.24
"May 05, 2003",5.36
"May 06, 2003",5.64
"May 07, 2003",5.49
"May 08, 2003",5.65
"May 09, 2003",5.73
"May 12, 2003",5.91
"May 13, 2003",5.98
"May 14, 2003",6.17
"May 15, 2003",6.24
"May 16, 2003",5.96
"May 19, 2003",6.08
"May 20, 2003",5.93
"May 21, 2003",6.08
"May 22, 2003",6.09
"May 23, 2003",5.92
"May 27, 2003",5.84
"May 28, 2003",5.71
"May 29, 2003",5.76
"May 30, 2003",5.99
"Jun 02, 2003",6.22
"Jun 03, 2003",6.25
"Jun 04, 2003",6.4
"Jun 05, 2003",6.17
"Jun 06, 2003",6.25
"Jun 09, 2003",6.25
"Jun 10, 2003",6.08
"Jun 11, 2003",6.06
"Jun 12, 2003",5.86
"Jun 13, 2003",5.44
"Jun 16, 2003",5.45
"Jun 17, 2003",5.66
"Jun 18, 2003",5.53
"Jun 19, 2003",5.53
"Jun 20, 2003",5.68
"Jun 23, 2003",5.89
"Jun 24, 2003",5.84
"Jun 25, 2003",5.64
"Jun 26, 2003",5.49
"Jun 27, 2003",5.19
"Jun 30, 2003",5.31
"Jul 01, 2003",5.22
"Jul 02, 2003",5.05
"Jul 03, 2003",4.96
"Jul 07, 2003",5.2
"Jul 08, 2003",5.4
"Jul 09, 2003",5.56
"Jul 10, 2003",5.4
"Jul 11, 2003",5.22
"Jul 14, 2003",5.15
"Jul 15, 2003",5.17
"Jul 16, 2003",5
"Jul 17, 2003",4.96
"Jul 18, 2003",5.01
"Jul 21, 2003",5.11
"Jul 22, 2003",5.04
"Jul 23, 2003",4.88
"Jul 24, 2003",4.86
"Jul 25, 2003",4.68
"Jul 28, 2003",4.68
"Jul 29, 2003",4.72
"Jul 30, 2003",4.68
"Jul 31, 2003",4.63
"Aug 01, 2003",4.71
"Aug 04, 2003",4.81
"Aug 05, 2003",4.71
"Aug 06, 2003",4.74
"Aug 07, 2003",4.85
"Aug 08, 2003",5.02
"Aug 11, 2003",5.08
"Aug 12, 2003",5.06
"Aug 13, 2003",5.17
"Aug 14, 2003",5.1
"Aug 15, 2003",4.83
"Aug 18, 2003",4.94
"Aug 19, 2003",4.99
"Aug 20, 2003",5.03
"Aug 21, 2003",5.14
"Aug 22, 2003",5.24
"Aug 25, 2003",5.26
"Aug 26, 2003",5.09
"Aug 27, 2003",5.11
"Aug 28, 2003",4.94
"Aug 29, 2003",4.86
"Sep 02, 2003",4.62
"Sep 03, 2003",4.68
"Sep 04, 2003",4.7
"Sep 05, 2003",4.76
"Sep 08, 2003",4.82
"Sep 09, 2003",4.7
"Sep 10, 2003",4.78
"Sep 11, 2003",4.85
"Sep 12, 2003",4.66
"Sep 15, 2003",4.66
"Sep 16, 2003",4.67
"Sep 17, 2003",4.61
"Sep 18, 2003",4.52
"Sep 19, 2003",4.33
"Sep 22, 2003",4.38
"Sep 23, 2003",4.51
"Sep 24, 2003",4.58
"Sep 25, 2003",4.55
"Sep 26, 2003",4.42
"Sep 29, 2003",4.57
"Sep 30, 2003",4.66
"Oct 01, 2003",4.47
"Oct 02, 2003",4.42
"Oct 03, 2003",4.34
"Oct 06, 2003",4.4
"Oct 07, 2003",4.66
"Oct 08, 2003",4.84
"Oct 09, 2003",4.78
"Oct 10, 2003",4.92
"Oct 13, 2003",4.96
"Oct 14, 2003",4.84
"Oct 15, 2003",4.93
"Oct 16, 2003",4.92
"Oct 17, 2003",4.53
"Oct 20, 2003",4.3
"Oct 21, 2003",4.64
"Oct 22, 2003",4.89
"Oct 23, 2003",4.9
"Oct 24, 2003",4.78
"Oct 27, 2003",4.56
"Oct 28, 2003",4.45
"Oct 29, 2003",4.51
"Oct 30, 2003",4.4
"Oct 31, 2003",3.98
"Nov 03, 2003",4.12
"Nov 04, 2003",4.01
"Nov 05, 2003",4.46
"Nov 06, 2003",4.74
"Nov 07, 2003",4.48
"Nov 10, 2003",4.42
"Nov 11, 2003",4.52
"Nov 12, 2003",4.77
"Nov 13, 2003",4.6
"Nov 14, 2003",4.62
"Nov 17, 2003",4.49
"Nov 18, 2003",4.35
"Nov 19, 2003",4.46
"Nov 20, 2003",4.35
"Nov 21, 2003",4.15
"Nov 24, 2003",4.57
"Nov 25, 2003",4.49
"Nov 26, 2003",4.86
"Dec 01, 2003",5.02
"Dec 02, 2003",5.45
"Dec 03, 2003",5.45
"Dec 04, 2003",5.7
"Dec 05, 2003",6.27
"Dec 08, 2003",6.06
"Dec 09, 2003",6.52
"Dec 10, 2003",6.67
"Dec 11, 2003",6.56
"Dec 12, 2003",6.73
"Dec 15, 2003",6.63
"Dec 16, 2003",6.58
"Dec 17, 2003",6.56
"Dec 18, 2003",6.98
"Dec 19, 2003",6.92
"Dec 22, 2003",6.32
"Dec 23, 2003",5.58
"Dec 24, 2003",5.5
"Dec 29, 2003",5.46
"Dec 30, 2003",5.96
"Dec 31, 2003",5.76
"Jan 05, 2004",6.28
"Jan 06, 2004",7.04
"Jan 07, 2004",6.61
"Jan 08, 2004",6.41
"Jan 09, 2004",6.91
"Jan 12, 2004",6.29
"Jan 13, 2004",6.26
"Jan 14, 2004",5.73
"Jan 15, 2004",6.02
"Jan 16, 2004",5.43
"Jan 20, 2004",6.15
"Jan 21, 2004",6.26
"Jan 22, 2004",6.03
"Jan 23, 2004",5.82
"Jan 26, 2004",5.7
"Jan 27, 2004",5.87
"Jan 28, 2004",6.04
"Jan 29, 2004",5.99
"Jan 30, 2004",5.8
"Feb 02, 2004",5.51
"Feb 03, 2004",5.69
"Feb 04, 2004",5.74
"Feb 05, 2004",5.54
"Feb 06, 2004",5.38
"Feb 09, 2004",5.44
"Feb 10, 2004",5.49
"Feb 11, 2004",5.34
"Feb 12, 2004",5.35
"Feb 13, 2004",5.62
"Feb 17, 2004",5.43
"Feb 18, 2004",5.33
"Feb 19, 2004",5.28
"Feb 20, 2004",5.19
"Feb 23, 2004",5.1
"Feb 24, 2004",5.08
"Feb 25, 2004",5.1
"Feb 26, 2004",5.13
"Feb 27, 2004",5.27
"Mar 01, 2004",5.17
"Mar 02, 2004",5.37
"Mar 03, 2004",5.34
"Mar 04, 2004",5.17
"Mar 05, 2004",5.32
"Mar 08, 2004",5.42
"Mar 09, 2004",5.34
"Mar 10, 2004",5.33
"Mar 11, 2004",5.33
"Mar 12, 2004",5.52
"Mar 15, 2004",5.59
"Mar 16, 2004",5.6
"Mar 17, 2004",5.61
"Mar 18, 2004",5.63
"Mar 19, 2004",5.49
"Mar 22, 2004",5.46
"Mar 23, 2004",5.36
"Mar 24, 2004",5.35
"Mar 25, 2004",5.22
"Mar 26, 2004",5.16
"Mar 29, 2004",5.25
"Mar 30, 2004",5.4
"Mar 31, 2004",5.63
"Apr 01, 2004",5.82
"Apr 02, 2004",5.69
"Apr 05, 2004",5.81
"Apr 06, 2004",5.7
"Apr 07, 2004",5.76
"Apr 08, 2004",5.84
"Apr 12, 2004",5.85
"Apr 13, 2004",5.92
"Apr 14, 2004",5.73
"Apr 15, 2004",5.68
"Apr 16, 2004",5.62
"Apr 19, 2004",5.57
"Apr 20, 2004",5.46
"Apr 21, 2004",5.52
"Apr 22, 2004",5.59
"Apr 23, 2004",5.53
"Apr 26, 2004",5.6
"Apr 27, 2004",5.81
"Apr 28, 2004",5.8
"Apr 29, 2004",5.78
"Apr 30, 2004",5.81
"May 03, 2004",5.8
"May 04, 2004",6.21
"May 05, 2004",6.09
"May 06, 2004",6.22
"May 07, 2004",6.18
"May 10, 2004",6.14
"May 11, 2004",6.24
"May 12, 2004",6.41
"May 13, 2004",6.42
"May 14, 2004",6.43
"May 17, 2004",6.41
"May 18, 2004",6.28
"May 19, 2004",6.18
"May 20, 2004",6.44
"May 21, 2004",6.35
"May 24, 2004",6.48
"May 25, 2004",6.73
"May 26, 2004",6.7
"May 27, 2004",6.51
"May 28, 2004",6.45
"Jun 01, 2004",6.45
"Jun 02, 2004",6.51
"Jun 03, 2004",6.44
"Jun 04, 2004",6.15
"Jun 07, 2004",6.09
"Jun 08, 2004",6.19
"Jun 09, 2004",6.04
"Jun 10, 2004",6
"Jun 14, 2004",6.15
"Jun 15, 2004",6.35
"Jun 16, 2004",6.38
"Jun 17, 2004",6.57
"Jun 18, 2004",6.48
"Jun 21, 2004",6.42
"Jun 22, 2004",6.29
"Jun 23, 2004",6.3
"Jun 24, 2004",6.41
"Jun 25, 2004",6.28
"Jun 28, 2004",6.13
"Jun 29, 2004",6.02
"Jun 30, 2004",6.03
"Jul 01, 2004",5.95
"Jul 02, 2004",5.88
"Jul 06, 2004",6.16
"Jul 07, 2004",6.27
"Jul 08, 2004",6.19
"Jul 09, 2004",5.89
"Jul 12, 2004",5.95
"Jul 13, 2004",5.85
"Jul 14, 2004",5.91
"Jul 15, 2004",5.92
"Jul 16, 2004",5.77
"Jul 19, 2004",5.75
"Jul 20, 2004",5.8
"Jul 21, 2004",5.9
"Jul 22, 2004",5.85
"Jul 23, 2004",5.98
"Jul 26, 2004",5.94
"Jul 27, 2004",5.87
"Jul 28, 2004",5.77
"Jul 29, 2004",5.93
"Jul 30, 2004",6.03
"Aug 02, 2004",5.86
"Aug 03, 2004",5.77
"Aug 04, 2004",5.7
"Aug 05, 2004",5.54
"Aug 06, 2004",5.42
"Aug 09, 2004",5.58
"Aug 10, 2004",5.78
"Aug 11, 2004",5.64
"Aug 12, 2004",5.46
"Aug 13, 2004",5.27
"Aug 16, 2004",5.34
"Aug 17, 2004",5.27
"Aug 18, 2004",5.36
"Aug 19, 2004",5.34
"Aug 20, 2004",5.39
"Aug 23, 2004",5.34
"Aug 24, 2004",5.23
"Aug 25, 2004",5.32
"Aug 26, 2004",5.19
"Aug 27, 2004",5.05
"Aug 30, 2004",5.05
"Aug 31, 2004",5.04
"Sep 01, 2004",5.02
"Sep 02, 2004",4.75
"Sep 03, 2004",4.32
"Sep 07, 2004",4.41
"Sep 08, 2004",4.69
"Sep 09, 2004",4.57
"Sep 10, 2004",4.57
"Sep 13, 2004",5.12
"Sep 14, 2004",5.15
"Sep 15, 2004",5.17
"Sep 16, 2004",4.82
"Sep 17, 2004",4.95
"Sep 20, 2004",5.22
"Sep 21, 2004",5.43
"Sep 22, 2004",5.58
"Sep 23, 2004",5.58
"Sep 24, 2004",5.41
"Sep 27, 2004",5.22
"Sep 28, 2004",5.45
"Sep 29, 2004",6.26
"Sep 30, 2004",6.36
"Oct 01, 2004",5.38
"Oct 04, 2004",5.72
"Oct 05, 2004",6.07
"Oct 06, 2004",6
"Oct 07, 2004",6.24
"Oct 08, 2004",5.59
"Oct 11, 2004",5.63
"Oct 12, 2004",5.63
"Oct 13, 2004",5.38
"Oct 14, 2004",5.76
"Oct 15, 2004",5.64
"Oct 18, 2004",5.64
"Oct 19, 2004",6.13
"Oct 20, 2004",7.27
"Oct 21, 2004",7.35
"Oct 22, 2004",7.11
"Oct 25, 2004",7.75
"Oct 26, 2004",7.78
"Oct 27, 2004",8.12
"Oct 28, 2004",6.8
"Oct 29, 2004",6.43
"Nov 01, 2004",6.98
"Nov 02, 2004",6.88
"Nov 03, 2004",7.25
"Nov 04, 2004",7.4
"Nov 05, 2004",6.08
"Nov 08, 2004",6.62
"Nov 09, 2004",5.79
"Nov 10, 2004",6.12
"Nov 11, 2004",6.19
"Nov 12, 2004",5.9
"Nov 15, 2004",6.02
"Nov 16, 2004",6.57
"Nov 17, 2004",6.06
"Nov 18, 2004",5.59
"Nov 19, 2004",4.81
"Nov 22, 2004",5.24
"Nov 23, 2004",5.24
"Nov 24, 2004",5.01
"Nov 29, 2004",6.76
"Nov 30, 2004",6.79
"Dec 01, 2004",6.78
"Dec 02, 2004",6.69
"Dec 03, 2004",6.04
"Dec 06, 2004",6.05
"Dec 07, 2004",6.03
"Dec 08, 2004",5.98
"Dec 09, 2004",6.04
"Dec 10, 2004",6.29
"Dec 13, 2004",6.89
"Dec 14, 2004",7.1
"Dec 15, 2004",7.04
"Dec 16, 2004",6.88
"Dec 17, 2004",7.26
"Dec 20, 2004",7.14
"Dec 21, 2004",6.83
"Dec 22, 2004",7.05
"Dec 23, 2004",6.98
"Dec 27, 2004",6.57
"Dec 28, 2004",6.27
"Dec 29, 2004",6.18
"Dec 30, 2004",6.02
"Jan 03, 2005",5.53
"Jan 04, 2005",5.71
"Jan 05, 2005",5.84
"Jan 06, 2005",5.79
"Jan 07, 2005",5.82
"Jan 10, 2005",6.21
"Jan 11, 2005",5.96
"Jan 12, 2005",5.89
"Jan 13, 2005",6.06
"Jan 14, 2005",6.45
"Jan 18, 2005",6.69
"Jan 19, 2005",6.19
"Jan 20, 2005",6.27
"Jan 21, 2005",6.43
"Jan 24, 2005",6.41
"Jan 25, 2005",6.44
"Jan 26, 2005",6.44
"Jan 27, 2005",6.5
"Jan 28, 2005",6.23
"Jan 31, 2005",6.14
"Feb 01, 2005",6.28
"Feb 02, 2005",6.38
"Feb 03, 2005",6.32
"Feb 04, 2005",6.12
"Feb 07, 2005",6.02
"Feb 08, 2005",5.95
"Feb 09, 2005",6.2
"Feb 10, 2005",6.21
"Feb 11, 2005",6.02
"Feb 14, 2005",5.95
"Feb 15, 2005",6.01
"Feb 16, 2005",6.1
"Feb 17, 2005",6.05
"Feb 18, 2005",5.88
"Feb 22, 2005",5.92
"Feb 23, 2005",6.02
"Feb 24, 2005",6.33
"Feb 25, 2005",6.24
"Feb 28, 2005",6.62
"Mar 01, 2005",6.63
"Mar 02, 2005",6.61
"Mar 03, 2005",6.71
"Mar 04, 2005",6.51
"Mar 07, 2005",6.66
"Mar 08, 2005",6.81
"Mar 09, 2005",6.99
"Mar 10, 2005",6.91
"Mar 11, 2005",6.73
"Mar 14, 2005",6.86
"Mar 15, 2005",7.16
"Mar 16, 2005",7.08
"Mar 17, 2005",7.25
"Mar 18, 2005",7.12
"Mar 21, 2005",7.16
"Mar 22, 2005",7.24
"Mar 23, 2005",7.11
"Mar 24, 2005",7.07
"Mar 28, 2005",6.94
"Mar 29, 2005",6.93
"Mar 30, 2005",7.18
"Mar 31, 2005",7.46
"Apr 01, 2005",7.57
"Apr 04, 2005",7.8
"Apr 05, 2005",7.44
"Apr 06, 2005",7.46
"Apr 07, 2005",7.5
"Apr 08, 2005",7.26
"Apr 11, 2005",7.17
"Apr 12, 2005",7.34
"Apr 13, 2005",7.07
"Apr 14, 2005",7.02
"Apr 15, 2005",6.95
"Apr 18, 2005",6.95
"Apr 19, 2005",6.95
"Apr 20, 2005",7.1
"Apr 21, 2005",6.93
"Apr 22, 2005",7.06
"Apr 25, 2005",7.27
"Apr 26, 2005",7.08
"Apr 27, 2005",7.1
"Apr 28, 2005",6.67
"Apr 29, 2005",6.64
"May 02, 2005",6.5
"May 03, 2005",6.61
"May 04, 2005",6.49
"May 05, 2005",6.65
"May 06, 2005",6.67
"May 09, 2005",6.56
"May 10, 2005",6.67
"May 11, 2005",6.63
"May 12, 2005",6.62
"May 13, 2005",6.47
"May 16, 2005",6.45
"May 17, 2005",6.41
"May 18, 2005",6.5
"May 19, 2005",6.39
"May 20, 2005",6.36
"May 23, 2005",6.33
"May 24, 2005",6.45
"May 25, 2005",6.33
"May 26, 2005",6.3
"May 27, 2005",6.22
"May 31, 2005",6.31
"Jun 01, 2005",6.36
"Jun 02, 2005",6.63
"Jun 03, 2005",6.65
"Jun 06, 2005",7.05
"Jun 07, 2005",7.13
"Jun 08, 2005",7.22
"Jun 09, 2005",7.05
"Jun 10, 2005",7.09
"Jun 13, 2005",7.08
"Jun 14, 2005",7.32
"Jun 15, 2005",7.39
"Jun 16, 2005",7.41
"Jun 17, 2005",7.61
"Jun 20, 2005",7.8
"Jun 21, 2005",7.46
"Jun 22, 2005",7.39
"Jun 23, 2005",7.51
"Jun 24, 2005",7.45
"Jun 27, 2005",7.29
"Jun 28, 2005",7.04
"Jun 29, 2005",7.08
"Jun 30, 2005",7.01
"Jul 01, 2005",7.01
"Jul 05, 2005",7.38
"Jul 06, 2005",7.69
"Jul 07, 2005",7.62
"Jul 08, 2005",7.87
"Jul 11, 2005",7.35
"Jul 12, 2005",7.79
"Jul 13, 2005",7.78
"Jul 14, 2005",7.99
"Jul 15, 2005",8.02
"Jul 18, 2005",7.77
"Jul 19, 2005",7.7
"Jul 20, 2005",7.75
"Jul 21, 2005",7.64
"Jul 22, 2005",7.41
"Jul 25, 2005",7.38
"Jul 26, 2005",7.45
"Jul 27, 2005",7.52
"Jul 28, 2005",7.69
"Jul 29, 2005",7.76
"Aug 01, 2005",8.03
"Aug 02, 2005",8.38
"Aug 03, 2005",8.75
"Aug 04, 2005",8.55
"Aug 05, 2005",8.6
"Aug 08, 2005",8.93
"Aug 09, 2005",8.7
"Aug 10, 2005",8.82
"Aug 11, 2005",9.29
"Aug 12, 2005",9.59
"Aug 15, 2005",9.53
"Aug 16, 2005",9.66
"Aug 17, 2005",9.99
"Aug 18, 2005",9.38
"Aug 19, 2005",9.09
"Aug 22, 2005",9.44
"Aug 23, 2005",9.96
"Aug 24, 2005",10.02
"Aug 25, 2005",9.77
"Aug 26, 2005",9.86
"Aug 29, 2005",9.86
"Aug 30, 2005",12.36
"Aug 31, 2005",12.69
"Sep 01, 2005",11.36
"Sep 02, 2005",11.75
"Sep 06, 2005",11.56
"Sep 07, 2005",11.03
"Sep 08, 2005",10.92
"Sep 09, 2005",11.03
"Sep 12, 2005",10.68
"Sep 13, 2005",10.71
"Sep 14, 2005",10.8
"Sep 15, 2005",11.24
"Sep 16, 2005",11.25
"Sep 19, 2005",11.99
"Sep 20, 2005",12.76
"Sep 21, 2005",14.26
"Sep 22, 2005",14.84
"Oct 07, 2005",13.67
"Oct 10, 2005",13.29
"Oct 11, 2005",13.67
"Oct 12, 2005",13.77
"Oct 13, 2005",13.48
"Oct 14, 2005",12.8
"Oct 17, 2005",13.89
"Oct 18, 2005",13.41
"Oct 19, 2005",13.52
"Oct 20, 2005",13.24
"Oct 21, 2005",12.73
"Oct 24, 2005",12.95
"Oct 25, 2005",13.9
"Oct 26, 2005",14.68
"Oct 27, 2005",13.9
"Oct 28, 2005",13.1
"Oct 31, 2005",12.18
"Nov 01, 2005",10.8
"Nov 02, 2005",10.85
"Nov 03, 2005",10.79
"Nov 04, 2005",9.67
"Nov 07, 2005",8.77
"Nov 08, 2005",9.15
"Nov 09, 2005",9.31
"Nov 10, 2005",9.66
"Nov 11, 2005",9.2
"Nov 14, 2005",9.15
"Nov 15, 2005",9.21
"Nov 16, 2005",11.03
"Nov 17, 2005",11.92
"Nov 18, 2005",10.01
"Nov 21, 2005",10.48
"Nov 22, 2005",11.15
"Nov 23, 2005",11.02
"Nov 28, 2005",11.01
"Nov 29, 2005",11.17
"Nov 30, 2005",11.73
"Dec 01, 2005",12.58
"Dec 02, 2005",12.95
"Dec 05, 2005",14.27
"Dec 06, 2005",13.57
"Dec 07, 2005",13.95
"Dec 08, 2005",14.25
"Dec 09, 2005",15.02
"Dec 12, 2005",14.82
"Dec 13, 2005",15.39
"Dec 14, 2005",14.81
"Dec 15, 2005",14.07
"Dec 16, 2005",13.36
"Dec 19, 2005",13.73
"Dec 20, 2005",13.79
"Dec 21, 2005",13.56
"Dec 22, 2005",13.03
"Dec 23, 2005",11.17
"Dec 27, 2005",10.22
"Dec 28, 2005",9.9
"Dec 29, 2005",10.07
"Dec 30, 2005",9.52
"Jan 03, 2006",9.9
"Jan 04, 2006",9.25
"Jan 05, 2006",9.24
"Jan 06, 2006",9.3
"Jan 09, 2006",8.79
"Jan 10, 2006",8.6
"Jan 11, 2006",8.55
"Jan 12, 2006",8.7
"Jan 13, 2006",8.5
"Jan 17, 2006",8.82
"Jan 18, 2006",8.86
"Jan 19, 2006",8.21
"Jan 20, 2006",8.8
"Jan 23, 2006",8.29
"Jan 24, 2006",8.27
"Jan 25, 2006",8.5
"Jan 26, 2006",7.86
"Jan 27, 2006",8.19
"Jan 30, 2006",8.36
"Jan 31, 2006",8.73
"Feb 01, 2006",8.71
"Feb 02, 2006",8.01
"Feb 03, 2006",8.01
"Feb 06, 2006",8.24
"Feb 07, 2006",7.74
"Feb 08, 2006",7.88
"Feb 09, 2006",7.55
"Feb 10, 2006",7.57
"Feb 13, 2006",7.36
"Feb 14, 2006",7.03
"Feb 15, 2006",7.31
"Feb 16, 2006",7.16
"Feb 17, 2006",7.39
"Feb 21, 2006",7.4
"Feb 22, 2006",7.55
"Feb 23, 2006",7.23
"Feb 24, 2006",7.39
"Feb 27, 2006",6.97
"Feb 28, 2006",6.69
"Mar 01, 2006",6.62
"Mar 02, 2006",6.69
"Mar 03, 2006",6.59
"Mar 06, 2006",6.5
"Mar 07, 2006",6.53
"Mar 08, 2006",6.47
"Mar 09, 2006",6.31
"Mar 10, 2006",6.4
"Mar 13, 2006",6.77
"Mar 14, 2006",7.15
"Mar 15, 2006",7.1
"Mar 16, 2006",7.12
"Mar 17, 2006",7.17
"Mar 20, 2006",7
"Mar 21, 2006",6.83
"Mar 22, 2006",7.06
"Mar 23, 2006",7.16
"Mar 24, 2006",7.43
"Mar 27, 2006",7.05
"Mar 28, 2006",7.15
"Mar 29, 2006",7.16
"Mar 30, 2006",7.19
"Mar 31, 2006",6.98
"Apr 03, 2006",7.08
"Apr 04, 2006",7.04
"Apr 05, 2006",6.89
"Apr 06, 2006",7.06
"Apr 07, 2006",6.81
"Apr 10, 2006",6.83
"Apr 11, 2006",6.99
"Apr 12, 2006",6.78
"Apr 13, 2006",6.64
"Apr 17, 2006",7.22
"Apr 18, 2006",7.6
"Apr 19, 2006",7.72
"Apr 20, 2006",7.95
"Apr 21, 2006",7.65
"Apr 24, 2006",7.73
"Apr 25, 2006",7.37
"Apr 26, 2006",7.17
"Apr 27, 2006",6.94
"Apr 28, 2006",6.64
"May 01, 2006",6.53
"May 02, 2006",6.68
"May 03, 2006",6.56
"May 04, 2006",6.47
"May 05, 2006",6.8
"May 08, 2006",6.54
"May 09, 2006",6.55
"May 10, 2006",6.5
"May 11, 2006",6.8
"May 12, 2006",6.35
"May 15, 2006",5.92
"May 16, 2006",5.99
"May 17, 2006",6.15
"May 18, 2006",5.79
"May 19, 2006",5.77
"May 22, 2006",5.91
"May 23, 2006",6.27
"May 24, 2006",6.01
"May 25, 2006",5.85
"May 26, 2006",5.78
"May 30, 2006",6.2
"May 31, 2006",5.97
"Jun 01, 2006",6.25
"Jun 02, 2006",6.23
"Jun 05, 2006",6.4
"Jun 06, 2006",6.16
"Jun 07, 2006",5.82
"Jun 08, 2006",5.84
"Jun 09, 2006",6.1
"Jun 12, 2006",6.02
"Jun 13, 2006",5.95
"Jun 14, 2006",6.08
"Jun 15, 2006",6.43
"Jun 16, 2006",7.03
"Jun 19, 2006",6.71
"Jun 20, 2006",6.62
"Jun 21, 2006",6.5
"Jun 22, 2006",6.51
"Jun 23, 2006",6.14
"Jun 26, 2006",5.89
"Jun 27, 2006",5.97
"Jun 28, 2006",6.04
"Jun 29, 2006",6.09
"Jun 30, 2006",5.84
"Jul 05, 2006",5.7
"Jul 06, 2006",5.28
"Jul 07, 2006",5.18
"Jul 10, 2006",5.32
"Jul 11, 2006",5.51
"Jul 12, 2006",5.66
"Jul 13, 2006",5.92
"Jul 14, 2006",6.28
"Jul 17, 2006",6.27
"Jul 18, 2006",6.02
"Jul 19, 2006",5.89
"Jul 20, 2006",6.14
"Jul 21, 2006",5.9
"Jul 24, 2006",6.33
"Jul 25, 2006",6.78
"Jul 26, 2006",6.71
"Jul 27, 2006",7.03
"Jul 28, 2006",7.24
"Jul 31, 2006",8.04
"Aug 01, 2006",8.66
"Aug 02, 2006",8.65
"Aug 03, 2006",7.61
"Aug 04, 2006",7.44
"Aug 07, 2006",6.97
"Aug 08, 2006",7.06
"Aug 09, 2006",7.6
"Aug 10, 2006",7.95
"Aug 11, 2006",7.56
"Aug 14, 2006",6.89
"Aug 15, 2006",6.9
"Aug 16, 2006",7.01
"Aug 17, 2006",6.73
"Aug 18, 2006",6.66
"Aug 21, 2006",6.72
"Aug 22, 2006",6.86
"Aug 23, 2006",7.19
"Aug 24, 2006",7.22
"Aug 25, 2006",7.48
"Aug 28, 2006",6.51
"Aug 29, 2006",6.24
"Aug 30, 2006",6.4
"Aug 31, 2006",5.8
"Sep 01, 2006",5.24
"Sep 05, 2006",5.45
"Sep 06, 2006",5.7
"Sep 07, 2006",5.64
"Sep 08, 2006",5.31
"Sep 11, 2006",5.29
"Sep 12, 2006",5.57
"Sep 13, 2006",5.4
"Sep 14, 2006",5.09
"Sep 15, 2006",4.4
"Sep 18, 2006",5.02
"Sep 19, 2006",4.99
"Sep 20, 2006",4.87
"Sep 21, 2006",4.65
"Sep 22, 2006",4.47
"Sep 25, 2006",4.31
"Sep 26, 2006",4.36
"Sep 27, 2006",4.35
"Sep 28, 2006",4.15
"Sep 29, 2006",3.66
"Oct 02, 2006",4.11
"Oct 03, 2006",4.01
"Oct 04, 2006",4.38
"Oct 05, 2006",4.69
"Oct 06, 2006",4.41
"Oct 09, 2006",5.06
"Oct 10, 2006",5.16
"Oct 11, 2006",5.66
"Oct 12, 2006",5.17
"Oct 13, 2006",4.3
"Oct 16, 2006",5.13
"Oct 17, 2006",6.26
"Oct 18, 2006",6.07
"Oct 19, 2006",6.77
"Oct 20, 2006",6.88
"Oct 23, 2006",7.29
"Oct 24, 2006",7.13
"Oct 25, 2006",7.2
"Oct 26, 2006",7.91
"Oct 27, 2006",7.41
"Oct 30, 2006",6.99
"Oct 31, 2006",6.64
"Nov 01, 2006",7.15
"Nov 02, 2006",7.32
"Nov 03, 2006",7.43
"Nov 06, 2006",6.72
"Nov 07, 2006",6.59
"Nov 08, 2006",7.39
"Nov 09, 2006",7.35
"Nov 10, 2006",7.16
"Nov 13, 2006",7.26
"Nov 14, 2006",7.42
"Nov 15, 2006",7.45
"Nov 16, 2006",7.59
"Nov 17, 2006",7.23
"Nov 20, 2006",7.79
"Nov 21, 2006",7.57
"Nov 22, 2006",7.42
"Nov 27, 2006",7.58
"Nov 28, 2006",7.61
"Nov 29, 2006",7.74
"Nov 30, 2006",8.32
"Dec 01, 2006",8.42
"Dec 04, 2006",7.84
"Dec 05, 2006",7.32
"Dec 06, 2006",7.32
"Dec 07, 2006",7.61
"Dec 08, 2006",7.45
"Dec 11, 2006",6.81
"Dec 12, 2006",6.93
"Dec 13, 2006",7.21
"Dec 14, 2006",7.26
"Dec 15, 2006",6.82
"Dec 18, 2006",6.62
"Dec 19, 2006",6.27
"Dec 20, 2006",6.43
"Dec 21, 2006",6.09
"Dec 22, 2006",5.88
"Dec 26, 2006",5.72
"Dec 27, 2006",5.54
"Dec 28, 2006",5.63
"Dec 29, 2006",5.5
"Jan 02, 2007",5.4
"Jan 03, 2007",5.47
"Jan 04, 2007",5.6
"Jan 05, 2007",5.52
"Jan 08, 2007",6.02
"Jan 09, 2007",6.15
"Jan 10, 2007",6.42
"Jan 11, 2007",6.09
"Jan 12, 2007",5.97
"Jan 16, 2007",6.82
"Jan 17, 2007",6.57
"Jan 18, 2007",6.29
"Jan 19, 2007",6.4
"Jan 22, 2007",7.2
"Jan 23, 2007",7.53
"Jan 24, 2007",7.58
"Jan 25, 2007",7.18
"Jan 26, 2007",6.95
"Jan 29, 2007",7.35
"Jan 30, 2007",7.32
"Jan 31, 2007",7.76
"Feb 01, 2007",7.93
"Feb 02, 2007",8.17
"Feb 05, 2007",9.14
"Feb 06, 2007",8.29
"Feb 07, 2007",7.9
"Feb 08, 2007",8.06
"Feb 09, 2007",8.16
"Feb 12, 2007",7.78
"Feb 13, 2007",8.09
"Feb 14, 2007",8.9
"Feb 15, 2007",8.91
"Feb 16, 2007",8.45
"Feb 20, 2007",7.34
"Feb 21, 2007",7.51
"Feb 22, 2007",7.47
"Feb 23, 2007",7.53
"Feb 26, 2007",7.73
"Feb 27, 2007",7.44
"Feb 28, 2007",7.23
"Mar 01, 2007",7.07
"Mar 02, 2007",7.22
"Mar 05, 2007",7.36
"Mar 06, 2007",7.55
"Mar 07, 2007",7.5
"Mar 08, 2007",7.14
"Mar 09, 2007",7.05
"Mar 12, 2007",6.81
"Mar 13, 2007",6.78
"Mar 14, 2007",6.86
"Mar 15, 2007",7.02
"Mar 16, 2007",6.84
"Mar 19, 2007",6.7
"Mar 20, 2007",6.81
"Mar 21, 2007",6.82
"Mar 22, 2007",7.07
"Mar 23, 2007",7.16
"Mar 26, 2007",7.15
"Mar 27, 2007",7.15
"Mar 28, 2007",7.47
"Mar 29, 2007",7.34
"Mar 30, 2007",7.5
"Apr 02, 2007",7.62
"Apr 03, 2007",7.57
"Apr 04, 2007",7.46
"Apr 05, 2007",7.53
"Apr 09, 2007",7.65
"Apr 10, 2007",7.65
"Apr 11, 2007",7.97
"Apr 12, 2007",7.95
"Apr 13, 2007",7.93
"Apr 16, 2007",7.66
"Apr 17, 2007",7.5
"Apr 18, 2007",7.54
"Apr 19, 2007",7.54
"Apr 20, 2007",7.32
"Apr 23, 2007",7.24
"Apr 24, 2007",7.57
"Apr 25, 2007",7.6
"Apr 26, 2007",7.56
"Apr 27, 2007",7.44
"Apr 30, 2007",7.71
"May 01, 2007",7.64
"May 02, 2007",7.64
"May 03, 2007",7.58
"May 04, 2007",7.82
"May 07, 2007",7.69
"May 08, 2007",7.5
"May 09, 2007",7.46
"May 10, 2007",7.63
"May 11, 2007",7.53
"May 14, 2007",7.85
"May 15, 2007",7.68
"May 16, 2007",7.62
"May 17, 2007",7.69
"May 18, 2007",7.87
"May 21, 2007",7.66
"May 22, 2007",7.6
"May 23, 2007",7.51
"May 24, 2007",7.56
"May 25, 2007",7.47
"May 29, 2007",7.51
"May 30, 2007",7.71
"May 31, 2007",7.8
"Jun 01, 2007",7.57
"Jun 04, 2007",7.73
"Jun 05, 2007",7.83
"Jun 06, 2007",7.83
"Jun 07, 2007",7.89
"Jun 08, 2007",7.52
"Jun 11, 2007",7.42
"Jun 12, 2007",7.45
"Jun 13, 2007",7.6
"Jun 14, 2007",7.48
"Jun 15, 2007",7.58
"Jun 18, 2007",7.69
"Jun 19, 2007",7.46
"Jun 20, 2007",7.39
"Jun 21, 2007",7.24
"Jun 22, 2007",7.04
"Jun 25, 2007",6.77
"Jun 26, 2007",6.85
"Jun 27, 2007",6.74
"Jun 28, 2007",6.79
"Jun 29, 2007",6.4
"Jul 02, 2007",6.24
"Jul 03, 2007",6.37
"Jul 05, 2007",6.3
"Jul 06, 2007",6.15
"Jul 09, 2007",6.39
"Jul 10, 2007",6.44
"Jul 11, 2007",6.66
"Jul 12, 2007",6.26
"Jul 13, 2007",6.27
"Jul 16, 2007",6.32
"Jul 17, 2007",6.34
"Jul 18, 2007",6.23
"Jul 19, 2007",6.5
"Jul 20, 2007",6.46
"Jul 23, 2007",6
"Jul 24, 2007",5.66
"Jul 25, 2007",5.56
"Jul 26, 2007",5.83
"Jul 27, 2007",5.77
"Jul 30, 2007",6.31
"Jul 31, 2007",6.53
"Aug 01, 2007",6.19
"Aug 02, 2007",6.34
"Aug 03, 2007",6.11
"Aug 06, 2007",6.1
"Aug 07, 2007",6.38
"Aug 08, 2007",6.24
"Aug 09, 2007",6.45
"Aug 10, 2007",6.57
"Aug 13, 2007",7.15
"Aug 14, 2007",6.86
"Aug 15, 2007",7.3
"Aug 16, 2007",6.96
"Aug 17, 2007",7.14
"Aug 20, 2007",6.47
"Aug 21, 2007",5.92
"Aug 22, 2007",5.84
"Aug 23, 2007",5.73
"Aug 24, 2007",5.69
"Aug 27, 2007",5.34
"Aug 28, 2007",5.56
"Aug 29, 2007",5.64
"Aug 30, 2007",5.54
"Aug 31, 2007",5.49
"Sep 04, 2007",5.3
"Sep 05, 2007",5.8
"Sep 06, 2007",6.02
"Sep 07, 2007",5.53
"Sep 10, 2007",5.56
"Sep 11, 2007",5.98
"Sep 12, 2007",6.13
"Sep 13, 2007",6.27
"Sep 14, 2007",6.23
"Sep 17, 2007",6.38
"Sep 18, 2007",6.42
"Sep 19, 2007",6.25
"Sep 20, 2007",6.02
"Sep 21, 2007",5.96
"Sep 24, 2007",6.12
"Sep 25, 2007",6.54
"Sep 26, 2007",6.47
"Sep 27, 2007",6.38
"Sep 28, 2007",6.15
"Oct 01, 2007",6.07
"Oct 02, 2007",6.55
"Oct 03, 2007",6.96
"Oct 04, 2007",6.91
"Oct 05, 2007",6.77
"Oct 08, 2007",6.69
"Oct 09, 2007",6.63
"Oct 10, 2007",6.79
"Oct 11, 2007",6.85
"Oct 12, 2007",6.46
"Oct 15, 2007",7.09
"Oct 16, 2007",7.29
"Oct 17, 2007",7.12
"Oct 18, 2007",7.11
"Oct 19, 2007",6.91
"Oct 22, 2007",6.63
"Oct 23, 2007",6.3
"Oct 24, 2007",6.11
"Oct 25, 2007",6.49
"Oct 26, 2007",6.43
"Oct 29, 2007",6.66
"Oct 30, 2007",6.99
"Oct 31, 2007",7.28
"Nov 01, 2007",7.09
"Nov 02, 2007",6.63
"Nov 05, 2007",6.71
"Nov 06, 2007",7.2
"Nov 07, 2007",7.42
"Nov 08, 2007",6.81
"Nov 09, 2007",6.59
"Nov 12, 2007",6.83
"Nov 13, 2007",7.22
"Nov 14, 2007",7.28
"Nov 15, 2007",7.35
"Nov 16, 2007",7.29
"Nov 19, 2007",7.38
"Nov 20, 2007",6.81
"Nov 21, 2007",6.67
"Nov 23, 2007",6.67
"Nov 26, 2007",7.53
"Nov 27, 2007",7.42
"Nov 28, 2007",7.51
"Nov 29, 2007",7.45
"Nov 30, 2007",7.29
"Dec 03, 2007",6.97
"Dec 04, 2007",7.27
"Dec 05, 2007",7.04
"Dec 06, 2007",7.29
"Dec 07, 2007",7.04
"Dec 10, 2007",6.98
"Dec 11, 2007",7.12
"Dec 12, 2007",7.22
"Dec 13, 2007",7.46
"Dec 14, 2007",7.09
"Dec 17, 2007",7.06
"Dec 18, 2007",7.16
"Dec 19, 2007",7.18
"Dec 20, 2007",7.19
"Dec 21, 2007",7.03
"Dec 24, 2007",7.03
"Dec 26, 2007",6.94
"Dec 27, 2007",6.8
"Dec 28, 2007",7.11
"Dec 31, 2007",7.11
"Jan 02, 2008",7.83
"Jan 03, 2008",7.84
"Jan 04, 2008",7.51
"Jan 07, 2008",7.61
"Jan 08, 2008",7.59
"Jan 09, 2008",7.89
"Jan 10, 2008",7.96
"Jan 11, 2008",8.13
"Jan 14, 2008",8.45
"Jan 15, 2008",8.43
"Jan 16, 2008",8.23
"Jan 17, 2008",8.1
"Jan 18, 2008",8.42
"Jan 22, 2008",7.97
"Jan 23, 2008",7.84
"Jan 24, 2008",7.85
"Jan 25, 2008",7.8
"Jan 28, 2008",7.87
"Jan 29, 2008",8.1
"Jan 30, 2008",8.17
"Jan 31, 2008",8.1
"Feb 01, 2008",7.88
"Feb 04, 2008",7.56
"Feb 05, 2008",7.8
"Feb 06, 2008",7.94
"Feb 07, 2008",7.99
"Feb 08, 2008",8.06
"Feb 11, 2008",8.38
"Feb 12, 2008",8.37
"Feb 13, 2008",8.35
"Feb 14, 2008",8.5
"Feb 15, 2008",8.73
"Feb 19, 2008",8.91
"Feb 20, 2008",9.08
"Feb 21, 2008",8.9
"Feb 22, 2008",8.65
"Feb 25, 2008",9.15
"Feb 26, 2008",9.21
"Feb 27, 2008",9.21
"Feb 28, 2008",9.11
"Feb 29, 2008",9.1
"Mar 03, 2008",9.07
"Mar 04, 2008",9.21
"Mar 05, 2008",9.37
"Mar 06, 2008",9.7
"Mar 07, 2008",9.82
"Mar 10, 2008",9.59
"Mar 11, 2008",9.85
"Mar 12, 2008",9.69
"Mar 13, 2008",9.74
"Mar 14, 2008",9.84
"Mar 17, 2008",9.59
"Mar 18, 2008",9.1
"Mar 19, 2008",9.11
"Mar 20, 2008",8.54
"Mar 24, 2008",8.99
"Mar 25, 2008",9.28
"Mar 26, 2008",9.25
"Mar 27, 2008",9.3
"Mar 28, 2008",9.36
"Mar 31, 2008",9.86
"Apr 01, 2008",9.92
"Apr 02, 2008",9.6
"Apr 03, 2008",9.68
"Apr 04, 2008",9.36
"Apr 07, 2008",9.48
"Apr 08, 2008",9.78
"Apr 09, 2008",9.88
"Apr 10, 2008",10.18
"Apr 11, 2008",10.07
"Apr 14, 2008",10.03
"Apr 15, 2008",10.16
"Apr 16, 2008",10.11
"Apr 17, 2008",10.27
"Apr 18, 2008",10.08
"Apr 21, 2008",10.5
"Apr 22, 2008",10.56
"Apr 23, 2008",10.33
"Apr 24, 2008",10.58
"Apr 25, 2008",10.72
"Apr 28, 2008",10.95
"Apr 29, 2008",10.94
"Apr 30, 2008",10.81
"May 01, 2008",10.66
"May 02, 2008",10.37
"May 05, 2008",10.77
"May 06, 2008",11.09
"May 07, 2008",11.08
"May 08, 2008",11.33
"May 09, 2008",11.29
"May 12, 2008",11.38
"May 13, 2008",11.18
"May 14, 2008",11.52
"May 15, 2008",11.41
"May 16, 2008",11.31
"May 19, 2008",11.1
"May 20, 2008",10.94
"May 21, 2008",11.4
"May 22, 2008",11.57
"May 23, 2008",11.56
"May 27, 2008",11.85
"May 28, 2008",11.6
"May 29, 2008",11.81
"May 30, 2008",11.43
"Jun 02, 2008",11.8
"Jun 03, 2008",12.27
"Jun 04, 2008",12.17
"Jun 05, 2008",12.49
"Jun 06, 2008",12.71
"Jun 09, 2008",12.71
"Jun 10, 2008",12.72
"Jun 11, 2008",12.49
"Jun 12, 2008",12.51
"Jun 13, 2008",12.51
"Jun 16, 2008",12.73
"Jun 17, 2008",12.87
"Jun 18, 2008",12.93
"Jun 19, 2008",13.09
"Jun 20, 2008",12.76
"Jun 23, 2008",12.92
"Jun 24, 2008",12.96
"Jun 25, 2008",12.76
"Jun 26, 2008",12.7
"Jun 27, 2008",13.1
"Jun 30, 2008",13.19
"Jul 01, 2008",13.28
"Jul 02, 2008",13.31
"Jul 03, 2008",13
"Jul 07, 2008",12.96
"Jul 08, 2008",12.47
"Jul 09, 2008",12.1
"Jul 10, 2008",11.83
"Jul 11, 2008",12.15
"Jul 14, 2008",11.58
"Jul 15, 2008",11.79
"Jul 16, 2008",11.15
"Jul 17, 2008",11.43
"Jul 18, 2008",10.54
"Jul 21, 2008",10.58
"Jul 22, 2008",10.16
"Jul 23, 2008",9.88
"Jul 24, 2008",9.7
"Jul 25, 2008",9.34
"Jul 28, 2008",9.26
"Jul 29, 2008",9.17
"Jul 30, 2008",9.01
"Jul 31, 2008",9.26
"Aug 01, 2008",9.05
"Aug 04, 2008",9.2
"Aug 05, 2008",8.66
"Aug 06, 2008",8.7
"Aug 07, 2008",8.77
"Aug 08, 2008",8.22
"Aug 11, 2008",8.18
"Aug 12, 2008",8.23
"Aug 13, 2008",8.11
"Aug 14, 2008",8.15
"Aug 15, 2008",7.82
"Aug 18, 2008",7.74
"Aug 19, 2008",7.73
"Aug 20, 2008",8.02
"Aug 21, 2008",8.04
"Aug 22, 2008",7.98
"Aug 25, 2008",7.63
"Aug 26, 2008",8.02
"Aug 27, 2008",8.54
"Aug 28, 2008",8.36
"Aug 29, 2008",8.24
"Sep 02, 2008",8.24
"Sep 03, 2008",7.26
"Sep 04, 2008",7.24
"Sep 05, 2008",7.4
"Sep 08, 2008",7.68
"Sep 09, 2008",7.28
"Sep 10, 2008",7.65
"Sep 11, 2008",7.83
"Sep 12, 2008",8.02
"Sep 15, 2008",8.02
"Sep 16, 2008",7.76
"Sep 17, 2008",7.72
"Sep 18, 2008",8.26
"Sep 19, 2008",7.79
"Sep 22, 2008",7.66
"Sep 23, 2008",7.84
"Sep 24, 2008",8.15
"Sep 25, 2008",7.63
"Sep 26, 2008",7.42
"Sep 29, 2008",7.13
"Sep 30, 2008",7.17
"Oct 01, 2008",7.41
"Oct 02, 2008",7.64
"Oct 03, 2008",7.16
"Oct 06, 2008",6.87
"Oct 07, 2008",6.74
"Oct 08, 2008",6.58
"Oct 09, 2008",6.69
"Oct 10, 2008",6.52
"Oct 13, 2008",6.62
"Oct 14, 2008",6.74
"Oct 15, 2008",6.64
"Oct 16, 2008",6.65
"Oct 17, 2008",6.76
"Oct 20, 2008",6.98
"Oct 21, 2008",6.76
"Oct 22, 2008",6.94
"Oct 23, 2008",6.77
"Oct 24, 2008",6.29
"Oct 27, 2008",6.27
"Oct 28, 2008",6.4
"Oct 29, 2008",6.58
"Oct 30, 2008",6.75
"Oct 31, 2008",6.18
"Nov 03, 2008",6.45
"Nov 04, 2008",6.79
"Nov 05, 2008",6.94
"Nov 06, 2008",7.04
"Nov 07, 2008",6.6
"Nov 10, 2008",7.07
"Nov 11, 2008",7.02
"Nov 12, 2008",6.65
"Nov 13, 2008",6.31
"Nov 14, 2008",6.33
"Nov 17, 2008",6.55
"Nov 18, 2008",6.74
"Nov 19, 2008",6.76
"Nov 20, 2008",6.76
"Nov 21, 2008",6.56
"Nov 24, 2008",6.85
"Nov 25, 2008",6.71
"Nov 26, 2008",6.43
"Nov 28, 2008",6.43
"Dec 01, 2008",6.48
"Dec 02, 2008",6.68
"Dec 03, 2008",6.48
"Dec 04, 2008",6.55
"Dec 05, 2008",5.99
"Dec 08, 2008",5.73
"Dec 09, 2008",5.57
"Dec 10, 2008",5.67
"Dec 11, 2008",5.86
"Dec 12, 2008",5.56
"Dec 15, 2008",5.75
"Dec 16, 2008",5.75
"Dec 17, 2008",5.79
"Dec 18, 2008",5.63
"Dec 19, 2008",5.66
"Dec 22, 2008",5.39
"Dec 23, 2008",5.37
"Dec 24, 2008",5.44
"Dec 26, 2008",5.44
"Dec 29, 2008",5.81
"Dec 30, 2008",5.71
"Dec 31, 2008",5.63
"Jan 02, 2009",5.41
"Jan 05, 2009",5.83
"Jan 06, 2009",6.1
"Jan 07, 2009",5.89
"Jan 08, 2009",5.96
"Jan 09, 2009",5.6
"Jan 12, 2009",5.59
"Jan 13, 2009",5.7
"Jan 14, 2009",5.47
"Jan 15, 2009",5.27
"Jan 16, 2009",5.09
"Jan 20, 2009",4.86
"Jan 21, 2009",4.87
"Jan 22, 2009",4.72
"Jan 23, 2009",4.75
"Jan 26, 2009",4.62
"Jan 27, 2009",4.76
"Jan 28, 2009",4.84
"Jan 29, 2009",4.71
"Jan 30, 2009",4.77
"Feb 02, 2009",4.48
"Feb 03, 2009",5.04
"Feb 04, 2009",5.01
"Feb 05, 2009",4.84
"Feb 06, 2009",4.67
"Feb 09, 2009",4.76
"Feb 10, 2009",4.84
"Feb 11, 2009",4.68
"Feb 12, 2009",4.73
"Feb 13, 2009",4.6
"Feb 17, 2009",4.35
"Feb 18, 2009",4.35
"Feb 19, 2009",4.46
"Feb 20, 2009",4.21
"Feb 23, 2009",4.23
"Feb 24, 2009",4.21
"Feb 25, 2009",4.2
"Feb 26, 2009",4.08
"Feb 27, 2009",4.04
"Mar 02, 2009",4.36
"Mar 03, 2009",4.43
"Mar 04, 2009",4.23
"Mar 05, 2009",4.22
"Mar 06, 2009",3.93
"Mar 09, 2009",3.86
"Mar 10, 2009",3.88
"Mar 11, 2009",3.92
"Mar 12, 2009",3.87
"Mar 13, 2009",3.9
"Mar 16, 2009",3.78
"Mar 17, 2009",3.78
"Mar 18, 2009",3.75
"Mar 19, 2009",3.68
"Mar 20, 2009",3.99
"Mar 23, 2009",4.17
"Mar 24, 2009",4.13
"Mar 25, 2009",4.13
"Mar 26, 2009",4.16
"Mar 27, 2009",3.73
"Mar 30, 2009",3.63
"Mar 31, 2009",3.58
"Apr 01, 2009",3.56
"Apr 02, 2009",3.69
"Apr 03, 2009",3.66
"Apr 06, 2009",3.74
"Apr 07, 2009",3.6
"Apr 08, 2009",3.5
"Apr 09, 2009",3.59
"Apr 13, 2009",3.46
"Apr 14, 2009",3.59
"Apr 15, 2009",3.6
"Apr 16, 2009",3.54
"Apr 17, 2009",3.47
"Apr 20, 2009",3.55
"Apr 21, 2009",3.43
"Apr 22, 2009",3.48
"Apr 23, 2009",3.46
"Apr 24, 2009",3.31
"Apr 27, 2009",3.19
"Apr 28, 2009",3.29
"Apr 29, 2009",3.43
"Apr 30, 2009",3.25
"May 01, 2009",3.3
"May 04, 2009",3.47
"May 05, 2009",3.62
"May 06, 2009",3.67
"May 07, 2009",3.96
"May 08, 2009",4.16
"May 11, 2009",4.24
"May 12, 2009",4.41
"May 13, 2009",4.42
"May 14, 2009",4.1
"May 15, 2009",4.05
"May 18, 2009",4.02
"May 19, 2009",3.99
"May 20, 2009",3.75
"May 21, 2009",3.77
"May 22, 2009",3.41
"May 26, 2009",3.35
"May 27, 2009",3.49
"May 28, 2009",3.55
"May 29, 2009",3.92
"Jun 01, 2009",3.86
"Jun 02, 2009",4.05
"Jun 03, 2009",3.81
"Jun 04, 2009",3.58
"Jun 05, 2009",3.51
"Jun 08, 2009",3.53
"Jun 09, 2009",3.53
"Jun 10, 2009",3.56
"Jun 11, 2009",3.51
"Jun 12, 2009",3.54
"Jun 15, 2009",3.8
"Jun 16, 2009",4.16
"Jun 17, 2009",3.99
"Jun 18, 2009",4.19
"Jun 19, 2009",4.04
"Jun 22, 2009",4.01
"Jun 23, 2009",3.91
"Jun 24, 2009",3.8
"Jun 25, 2009",3.82
"Jun 26, 2009",3.81
"Jun 29, 2009",3.88
"Jun 30, 2009",3.72
"Jul 01, 2009",3.63
"Jul 02, 2009",3.49
"Jul 06, 2009",3.24
"Jul 07, 2009",3.3
"Jul 08, 2009",3.22
"Jul 09, 2009",3.36
"Jul 10, 2009",3.24
"Jul 13, 2009",3.17
"Jul 14, 2009",3.29
"Jul 15, 2009",3.37
"Jul 16, 2009",3.21
"Jul 17, 2009",3.39
"Jul 20, 2009",3.49
"Jul 21, 2009",3.48
"Jul 22, 2009",3.49
"Jul 23, 2009",3.66
"Jul 24, 2009",3.37
"Jul 27, 2009",3.46
"Jul 28, 2009",3.49
"Jul 29, 2009",3.41
"Jul 30, 2009",3.34
"Jul 31, 2009",3.34
"Aug 03, 2009",3.43
"Aug 04, 2009",3.53
"Aug 05, 2009",3.61
"Aug 06, 2009",3.78
"Aug 07, 2009",3.57
"Aug 10, 2009",3.55
"Aug 11, 2009",3.54
"Aug 12, 2009",3.36
"Aug 13, 2009",3.34
"Aug 14, 2009",3.18
"Aug 17, 2009",3.11
"Aug 18, 2009",3.12
"Aug 19, 2009",3.03
"Aug 20, 2009",3.03
"Aug 21, 2009",2.78
"Aug 24, 2009",2.69
"Aug 25, 2009",2.85
"Aug 26, 2009",2.76
"Aug 27, 2009",2.76
"Aug 28, 2009",2.52
"Aug 31, 2009",2.42
"Sep 01, 2009",2.36
"Sep 02, 2009",2.25
"Sep 03, 2009",2.06
"Sep 04, 2009",1.83
"Sep 08, 2009",2.43
"Sep 09, 2009",2.72
"Sep 10, 2009",2.68
"Sep 11, 2009",2.94
"Sep 14, 2009",2.84
"Sep 15, 2009",3.21
"Sep 16, 2009",3.28
"Sep 17, 2009",3.5
"Sep 18, 2009",3.21
"Sep 21, 2009",3.35
"Sep 22, 2009",3.37
"Sep 23, 2009",3.43
"Sep 24, 2009",3.56
"Sep 25, 2009",3.61
"Sep 28, 2009",3.54
"Sep 29, 2009",3.3
"Sep 30, 2009",3.25
"Oct 01, 2009",2.91
"Oct 02, 2009",2.32
"Oct 05, 2009",2.89
"Oct 06, 2009",3.23
"Oct 07, 2009",3.7
"Oct 08, 2009",4.24
"Oct 09, 2009",3.92
"Oct 12, 2009",3.96
"Oct 13, 2009",4.03
"Oct 14, 2009",3.82
"Oct 15, 2009",3.88
"Oct 16, 2009",3.94
"Oct 19, 2009",4.22
"Oct 20, 2009",4.6
"Oct 21, 2009",4.8
"Oct 22, 2009",4.98
"Oct 23, 2009",4.88
"Oct 26, 2009",4.52
"Oct 27, 2009",4.52
"Oct 28, 2009",4.59
"Oct 29, 2009",4.11
"Oct 30, 2009",4.11
"Nov 02, 2009",4.32
"Nov 03, 2009",4.33
"Nov 04, 2009",4.49
"Nov 05, 2009",4.3
"Nov 06, 2009",3.95
"Nov 09, 2009",3.78
"Nov 10, 2009",3.76
"Nov 11, 2009",3.59
"Nov 12, 2009",3.24
"Nov 13, 2009",2.51
"Nov 16, 2009",2.65
"Nov 17, 2009",3.47
"Nov 18, 2009",3.74
"Nov 19, 2009",3.57
"Nov 20, 2009",3.09
"Nov 23, 2009",3.79
"Nov 24, 2009",3.63
"Nov 25, 2009",3.32
"Nov 27, 2009",3.32
"Nov 30, 2009",4.41
"Dec 01, 2009",4.3
"Dec 02, 2009",4.67
"Dec 03, 2009",4.57
"Dec 04, 2009",4.53
"Dec 07, 2009",4.78
"Dec 08, 2009",5.1
"Dec 09, 2009",5.27
"Dec 10, 2009",5.02
"Dec 11, 2009",5.21
"Dec 14, 2009",5.41
"Dec 15, 2009",5.53
"Dec 16, 2009",5.57
"Dec 17, 2009",5.65
"Dec 18, 2009",5.87
"Dec 21, 2009",5.79
"Dec 22, 2009",5.56
"Dec 23, 2009",5.55
"Dec 24, 2009",5.75
"Dec 28, 2009",5.91
"Dec 29, 2009",6.01
"Dec 30, 2009",5.78
"Dec 31, 2009",5.82
"Jan 04, 2010",6.09
"Jan 05, 2010",6.19
"Jan 06, 2010",6.47
"Jan 07, 2010",7.51
"Jan 08, 2010",6.56
"Jan 11, 2010",5.77
"Jan 12, 2010",5.57
"Jan 13, 2010",5.61
"Jan 14, 2010",5.77
"Jan 15, 2010",5.66
"Jan 19, 2010",5.51
"Jan 20, 2010",5.54
"Jan 21, 2010",5.52
"Jan 22, 2010",5.67
"Jan 25, 2010",5.76
"Jan 26, 2010",5.61
"Jan 27, 2010",5.42
"Jan 28, 2010",5.32
"Jan 29, 2010",5.26
"Feb 01, 2010",5.3
"Feb 02, 2010",5.47
"Feb 03, 2010",5.51
"Feb 04, 2010",5.47
"Feb 05, 2010",5.61
"Feb 08, 2010",5.73
"Feb 09, 2010",5.54
"Feb 10, 2010",5.48
"Feb 11, 2010",5.53
"Feb 12, 2010",5.48
"Feb 16, 2010",5.65
"Feb 17, 2010",5.47
"Feb 18, 2010",5.4
"Feb 19, 2010",5.1
"Feb 22, 2010",4.92
"Feb 23, 2010",4.91
"Feb 24, 2010",4.91
"Feb 25, 2010",4.84
"Feb 26, 2010",4.76
"Mar 01, 2010",4.83
"Mar 02, 2010",4.78
"Mar 03, 2010",4.76
"Mar 04, 2010",4.78
"Mar 05, 2010",4.56
"Mar 08, 2010",4.47
"Mar 09, 2010",4.51
"Mar 10, 2010",4.44
"Mar 11, 2010",4.47
"Mar 12, 2010",4.35
"Mar 15, 2010",4.29
"Mar 16, 2010",4.38
"Mar 17, 2010",4.27
"Mar 18, 2010",4.19
"Mar 19, 2010",4.01
"Mar 22, 2010",4.02
"Mar 23, 2010",4.08
"Mar 24, 2010",4.02
"Mar 25, 2010",4.01
"Mar 26, 2010",3.92
"Mar 29, 2010",3.83
"Mar 30, 2010",3.79
"Mar 31, 2010",3.93
"Apr 01, 2010",3.72
"Apr 05, 2010",3.93
"Apr 06, 2010",4.16
"Apr 07, 2010",4.08
"Apr 08, 2010",3.92
"Apr 09, 2010",3.9
"Apr 12, 2010",4.04
"Apr 13, 2010",3.97
"Apr 14, 2010",4.15
"Apr 15, 2010",4.16
"Apr 16, 2010",3.97
"Apr 19, 2010",4.02
"Apr 20, 2010",3.93
"Apr 21, 2010",3.96
"Apr 22, 2010",3.95
"Apr 23, 2010",4.07
"Apr 26, 2010",4.23
"Apr 27, 2010",4.18
"Apr 28, 2010",4.19
"Apr 29, 2010",4.24
"Apr 30, 2010",3.94
"May 03, 2010",3.86
"May 04, 2010",3.96
"May 05, 2010",4
"May 06, 2010",3.97
"May 07, 2010",3.91
"May 10, 2010",4.08
"May 11, 2010",4.15
"May 12, 2010",4.18
"May 13, 2010",4.26
"May 14, 2010",4.27
"May 17, 2010",4.34
"May 18, 2010",4.42
"May 19, 2010",4.28
"May 20, 2010",4.12
"May 21, 2010",4.12
"May 24, 2010",4.08
"May 25, 2010",4.08
"May 26, 2010",4.19
"May 27, 2010",4.22
"May 28, 2010",4.31
"Jun 01, 2010",4.39
"Jun 02, 2010",4.32
"Jun 03, 2010",4.46
"Jun 04, 2010",4.6
"Jun 07, 2010",4.67
"Jun 08, 2010",4.89
"Jun 09, 2010",4.75
"Jun 10, 2010",4.68
"Jun 11, 2010",4.68
"Jun 14, 2010",4.94
"Jun 15, 2010",5.11
"Jun 16, 2010",5.13
"Jun 17, 2010",5.14
"Jun 18, 2010",5.17
"Jun 21, 2010",5.15
"Jun 22, 2010",4.87
"Jun 23, 2010",4.9
"Jun 24, 2010",4.88
"Jun 25, 2010",4.84
"Jun 28, 2010",4.85
"Jun 29, 2010",4.68
"Jun 30, 2010",4.53
"Jul 01, 2010",4.54
"Jul 02, 2010",4.72
"Jul 06, 2010",4.85
"Jul 07, 2010",4.76
"Jul 08, 2010",4.61
"Jul 09, 2010",4.36
"Jul 12, 2010",4.42
"Jul 13, 2010",4.46
"Jul 14, 2010",4.39
"Jul 15, 2010",4.43
"Jul 16, 2010",4.68
"Jul 19, 2010",4.56
"Jul 20, 2010",4.59
"Jul 21, 2010",4.7
"Jul 22, 2010",4.67
"Jul 23, 2010",4.69
"Jul 26, 2010",4.65
"Jul 27, 2010",4.72
"Jul 28, 2010",4.75
"Jul 29, 2010",4.8
"Jul 30, 2010",4.81
"Aug 02, 2010",4.94
"Aug 03, 2010",4.78
"Aug 04, 2010",4.77
"Aug 05, 2010",4.84
"Aug 06, 2010",4.67
"Aug 09, 2010",4.52
"Aug 10, 2010",4.43
"Aug 11, 2010",4.38
"Aug 12, 2010",4.42
"Aug 13, 2010",4.35
"Aug 16, 2010",4.37
"Aug 17, 2010",4.28
"Aug 18, 2010",4.35
"Aug 19, 2010",4.29
"Aug 20, 2010",4.19
"Aug 23, 2010",4.12
"Aug 24, 2010",4.07
"Aug 25, 2010",3.99
"Aug 26, 2010",3.85
"Aug 27, 2010",3.75
"Aug 30, 2010",3.77
"Aug 31, 2010",3.8
"Sep 01, 2010",3.73
"Sep 02, 2010",3.74
"Sep 03, 2010",3.74
"Sep 07, 2010",3.82
"Sep 08, 2010",3.81
"Sep 09, 2010",3.79
"Sep 10, 2010",3.79
"Sep 13, 2010",3.83
"Sep 14, 2010",3.98
"Sep 15, 2010",4.06
"Sep 16, 2010",4.09
"Sep 17, 2010",4.11
"Sep 20, 2010",4.01
"Sep 21, 2010",3.95
"Sep 22, 2010",4.02
"Sep 23, 2010",4.08
"Sep 24, 2010",3.97
"Sep 27, 2010",3.8
"Sep 28, 2010",3.8
"Sep 29, 2010",3.81
"Sep 30, 2010",3.85
"Oct 01, 2010",3.67
"Oct 04, 2010",3.56
"Oct 05, 2010",3.51
"Oct 06, 2010",3.56
"Oct 07, 2010",3.62
"Oct 08, 2010",3.36
"Oct 11, 2010",3.43
"Oct 12, 2010",3.4
"Oct 13, 2010",3.58
"Oct 14, 2010",3.58
"Oct 15, 2010",3.47
"Oct 18, 2010",3.36
"Oct 19, 2010",3.36
"Oct 20, 2010",3.46
"Oct 21, 2010",3.46
"Oct 22, 2010",3.19
"Oct 25, 2010",3.18
"Oct 26, 2010",3.28
"Oct 27, 2010",3.37
"Oct 28, 2010",3.36
"Oct 29, 2010",3.36
"Nov 01, 2010",3.42
"Nov 02, 2010",3.2
"Nov 03, 2010",3.35
"Nov 04, 2010",3.53
"Nov 05, 2010",3.47
"Nov 08, 2010",3.49
"Nov 09, 2010",3.76
"Nov 10, 2010",4
"Nov 11, 2010",3.73
"Nov 12, 2010",3.5
"Nov 15, 2010",3.56
"Nov 16, 2010",3.66
"Nov 17, 2010",3.77
"Nov 18, 2010",3.89
"Nov 19, 2010",3.79
"Nov 22, 2010",4.02
"Nov 23, 2010",3.93
"Nov 24, 2010",3.82
"Nov 26, 2010",3.82
"Nov 29, 2010",4.12
"Nov 30, 2010",4.16
"Dec 01, 2010",4.21
"Dec 02, 2010",4.28
"Dec 03, 2010",4.23
"Dec 06, 2010",4.47
"Dec 07, 2010",4.48
"Dec 08, 2010",4.47
"Dec 09, 2010",4.52
"Dec 10, 2010",4.37
"Dec 13, 2010",4.55
"Dec 14, 2010",4.35
"Dec 15, 2010",4.22
"Dec 16, 2010",4.19
"Dec 17, 2010",3.99
"Dec 20, 2010",4.1
"Dec 21, 2010",4.17
"Dec 22, 2010",4.01
"Dec 23, 2010",4.08
"Dec 27, 2010",4.05
"Dec 28, 2010",4.1
"Dec 29, 2010",4.19
"Dec 30, 2010",4.22
"Dec 31, 2010",4.22
"Jan 03, 2011",4.54
"Jan 04, 2011",4.61
"Jan 05, 2011",4.52
"Jan 06, 2011",4.49
"Jan 07, 2011",4.42
"Jan 10, 2011",4.49
"Jan 11, 2011",4.42
"Jan 12, 2011",4.55
"Jan 13, 2011",4.48
"Jan 14, 2011",4.38
"Jan 18, 2011",4.52
"Jan 19, 2011",4.48
"Jan 20, 2011",4.57
"Jan 21, 2011",4.72
"Jan 24, 2011",4.72
"Jan 25, 2011",4.46
"Jan 26, 2011",4.4
"Jan 27, 2011",4.41
"Jan 28, 2011",4.27
"Jan 31, 2011",4.42
"Feb 01, 2011",4.42
"Feb 02, 2011",4.55
"Feb 03, 2011",4.69
"Feb 04, 2011",4.48
"Feb 07, 2011",4.32
"Feb 08, 2011",4.24
"Feb 09, 2011",4.22
"Feb 10, 2011",4.11
"Feb 11, 2011",3.96
"Feb 14, 2011",3.89
"Feb 15, 2011",3.92
"Feb 16, 2011",3.93
"Feb 17, 2011",3.9
"Feb 18, 2011",3.84
"Feb 22, 2011",3.89
"Feb 23, 2011",3.83
"Feb 24, 2011",3.83
"Feb 25, 2011",3.81
"Feb 28, 2011",3.93
"Mar 01, 2011",3.93
"Mar 02, 2011",3.79
"Mar 03, 2011",3.75
"Mar 04, 2011",3.7
"Mar 07, 2011",3.73
"Mar 08, 2011",3.83
"Mar 09, 2011",3.81
"Mar 10, 2011",3.87
"Mar 11, 2011",3.78
"Mar 14, 2011",3.9
"Mar 15, 2011",3.81
"Mar 16, 2011",3.86
"Mar 17, 2011",3.85
"Mar 18, 2011",3.98
"Mar 21, 2011",3.99
"Mar 22, 2011",4.05
"Mar 23, 2011",4.18
"Mar 24, 2011",4.27
"Mar 25, 2011",4.13
"Mar 28, 2011",4.35
"Mar 29, 2011",4.27
"Mar 30, 2011",4.25
"Mar 31, 2011",4.32
"Apr 01, 2011",4.32
"Apr 04, 2011",4.21
"Apr 05, 2011",4.22
"Apr 06, 2011",4.17
"Apr 07, 2011",4.12
"Apr 08, 2011",4.05
"Apr 11, 2011",4.05
"Apr 12, 2011",4.08
"Apr 13, 2011",4.14
"Apr 14, 2011",4.12
"Apr 15, 2011",4.21
"Apr 18, 2011",4.23
"Apr 19, 2011",4.19
"Apr 20, 2011",4.33
"Apr 21, 2011",4.33
"Apr 25, 2011",4.37
"Apr 26, 2011",4.32
"Apr 27, 2011",4.35
"Apr 28, 2011",4.38
"Apr 29, 2011",4.51
"May 02, 2011",4.6
"May 03, 2011",4.6
"May 04, 2011",4.59
"May 05, 2011",4.49
"May 06, 2011",4.24
"May 09, 2011",4.28
"May 10, 2011",4.19
"May 11, 2011",4.23
"May 12, 2011",4.1
"May 13, 2011",4.09
"May 16, 2011",4.21
"May 17, 2011",4.25
"May 18, 2011",4.15
"May 19, 2011",4.1
"May 20, 2011",4.05
"May 23, 2011",4.27
"May 24, 2011",4.37
"May 25, 2011",4.36
"May 26, 2011",4.37
"May 27, 2011",4.36
"May 31, 2011",4.63
"Jun 01, 2011",4.62
"Jun 02, 2011",4.64
"Jun 03, 2011",4.72
"Jun 06, 2011",4.83
"Jun 07, 2011",4.83
"Jun 08, 2011",4.83
"Jun 09, 2011",4.92
"Jun 10, 2011",4.72
"Jun 13, 2011",4.75
"Jun 14, 2011",4.59
"Jun 15, 2011",4.53
"Jun 16, 2011",4.54
"Jun 17, 2011",4.39
"Jun 20, 2011",4.33
"Jun 21, 2011",4.37
"Jun 22, 2011",4.42
"Jun 23, 2011",4.31
"Jun 24, 2011",4.2
"Jun 27, 2011",4.25
"Jun 28, 2011",4.34
"Jun 29, 2011",4.4
"Jun 30, 2011",4.28
"Jul 01, 2011",4.33
"Jul 05, 2011",4.4
"Jul 06, 2011",4.34
"Jul 07, 2011",4.25
"Jul 08, 2011",4.19
"Jul 11, 2011",4.35
"Jul 12, 2011",4.38
"Jul 13, 2011",4.43
"Jul 14, 2011",4.42
"Jul 15, 2011",4.49
"Jul 18, 2011",4.6
"Jul 19, 2011",4.6
"Jul 20, 2011",4.64
"Jul 21, 2011",4.58
"Jul 22, 2011",4.46
"Jul 25, 2011",4.45
"Jul 26, 2011",4.43
"Jul 27, 2011",4.46
"Jul 28, 2011",4.41
"Jul 29, 2011",4.26
"Aug 01, 2011",4.29
"Aug 02, 2011",4.3
"Aug 03, 2011",4.26
"Aug 04, 2011",4.2
"Aug 05, 2011",4
"Aug 08, 2011",4
"Aug 09, 2011",4.06
"Aug 10, 2011",4.09
"Aug 11, 2011",4.06
"Aug 12, 2011",4.17
"Aug 15, 2011",4.05
"Aug 16, 2011",4.03
"Aug 17, 2011",3.98
"Aug 18, 2011",3.98
"Aug 19, 2011",3.99
"Aug 22, 2011",3.97
"Aug 23, 2011",4.01
"Aug 24, 2011",4.1
"Aug 25, 2011",4.01
"Aug 26, 2011",3.96
"Aug 29, 2011",3.93
"Aug 30, 2011",3.85
"Aug 31, 2011",3.97
"Sep 01, 2011",4.18
"Sep 02, 2011",4.12
"Sep 06, 2011",3.93
"Sep 07, 2011",3.96
"Sep 08, 2011",3.99
"Sep 09, 2011",3.96
"Sep 12, 2011",3.92
"Sep 13, 2011",3.96
"Sep 14, 2011",4.01
"Sep 15, 2011",4.04
"Sep 16, 2011",3.84
"Sep 19, 2011",3.78
"Sep 20, 2011",3.84
"Sep 21, 2011",3.78
"Sep 22, 2011",3.72
"Sep 23, 2011",3.74
"Sep 26, 2011",3.8
"Sep 27, 2011",3.92
"Sep 28, 2011",3.88
"Sep 29, 2011",3.77
"Sep 30, 2011",3.68
"Oct 03, 2011",3.57
"Oct 04, 2011",3.56
"Oct 05, 2011",3.63
"Oct 06, 2011",3.49
"Oct 07, 2011",3.4
"Oct 10, 2011",3.41
"Oct 11, 2011",3.52
"Oct 12, 2011",3.54
"Oct 13, 2011",3.42
"Oct 14, 2011",3.49
"Oct 17, 2011",3.72
"Oct 18, 2011",3.63
"Oct 19, 2011",3.59
"Oct 20, 2011",3.61
"Oct 21, 2011",3.54
"Oct 24, 2011",3.61
"Oct 25, 2011",3.62
"Oct 26, 2011",3.65
"Oct 27, 2011",3.59
"Oct 28, 2011",3.63
"Oct 31, 2011",3.66
"Nov 01, 2011",3.49
"Nov 02, 2011",3.39
"Nov 03, 2011",3.39
"Nov 04, 2011",3.44
"Nov 07, 2011",3.35
"Nov 08, 2011",3.42
"Nov 09, 2011",3.55
"Nov 10, 2011",3.48
"Nov 11, 2011",3.29
"Nov 14, 2011",3.17
"Nov 15, 2011",3.12
"Nov 16, 2011",3.11
"Nov 17, 2011",3.11
"Nov 18, 2011",3.01
"Nov 21, 2011",2.94
"Nov 22, 2011",3.06
"Nov 23, 2011",2.84
"Nov 25, 2011",2.84
"Nov 28, 2011",3.09
"Nov 29, 2011",3.39
"Nov 30, 2011",3.53
"Dec 01, 2011",3.49
"Dec 02, 2011",3.35
"Dec 05, 2011",3.38
"Dec 06, 2011",3.43
"Dec 07, 2011",3.45
"Dec 08, 2011",3.42
"Dec 09, 2011",3.29
"Dec 12, 2011",3.13
"Dec 13, 2011",3.12
"Dec 14, 2011",3.08
"Dec 15, 2011",3.05
"Dec 16, 2011",3.01
"Dec 19, 2011",3.03
"Dec 20, 2011",3.06
"Dec 21, 2011",3.05
"Dec 22, 2011",3.08
"Dec 23, 2011",2.97
"Dec 27, 2011",3.09
"Dec 28, 2011",3.07
"Dec 29, 2011",3.03
"Dec 30, 2011",2.98
"Jan 03, 2012",2.97
"Jan 04, 2012",2.96
"Jan 05, 2012",2.91
"Jan 06, 2012",2.85
"Jan 09, 2012",2.89
"Jan 10, 2012",2.97
"Jan 11, 2012",2.81
"Jan 12, 2012",2.7
"Jan 13, 2012",2.67
"Jan 17, 2012",2.51
"Jan 18, 2012",2.49
"Jan 19, 2012",2.36
"Jan 20, 2012",2.23
"Jan 23, 2012",2.39
"Jan 24, 2012",2.6
"Jan 25, 2012",2.61
"Jan 26, 2012",2.68
"Jan 27, 2012",2.59
"Jan 30, 2012",2.71
"Jan 31, 2012",2.51
"Feb 01, 2012",2.32
"Feb 02, 2012",2.3
"Feb 03, 2012",2.4
"Feb 06, 2012",2.46
"Feb 07, 2012",2.6
"Feb 08, 2012",2.48
"Feb 09, 2012",2.5
"Feb 10, 2012",2.51
"Feb 13, 2012",2.42
"Feb 14, 2012",2.48
"Feb 15, 2012",2.54
"Feb 16, 2012",2.47
"Feb 17, 2012",2.67
"Feb 21, 2012",2.63
"Feb 22, 2012",2.6
"Feb 23, 2012",2.68
"Feb 24, 2012",2.6
"Feb 27, 2012",2.55
"Feb 28, 2012",2.44
"Feb 29, 2012",2.44
"Mar 01, 2012",2.45
"Mar 02, 2012",2.38
"Mar 05, 2012",2.31
"Mar 06, 2012",2.3
"Mar 07, 2012",2.24
"Mar 08, 2012",2.24
"Mar 09, 2012",2.21
"Mar 12, 2012",2.17
"Mar 13, 2012",2.15
"Mar 14, 2012",2.13
"Mar 15, 2012",2.07
"Mar 16, 2012",2.01
"Mar 19, 2012",2.14
"Mar 20, 2012",2.19
"Mar 21, 2012",2.21
"Mar 22, 2012",2.19
"Mar 23, 2012",2.07
"Mar 26, 2012",2.16
"Mar 27, 2012",2.09
"Mar 28, 2012",2.05
"Mar 29, 2012",2.02
"Mar 30, 2012",2
"Apr 02, 2012",1.88
"Apr 03, 2012",1.94
"Apr 04, 2012",2.06
"Apr 05, 2012",1.98
"Apr 09, 2012",1.99
"Apr 10, 2012",1.99
"Apr 11, 2012",1.91
"Apr 12, 2012",1.87
"Apr 13, 2012",1.87
"Apr 16, 2012",1.88
"Apr 17, 2012",1.89
"Apr 18, 2012",1.87
"Apr 19, 2012",1.85
"Apr 20, 2012",1.82
"Apr 23, 2012",1.89
"Apr 24, 2012",1.97
"Apr 25, 2012",1.99
"Apr 26, 2012",2.1
"Apr 27, 2012",2.05
"Apr 30, 2012",2.1
"May 01, 2012",2.29
"May 02, 2012",2.31
"May 03, 2012",2.29
"May 04, 2012",2.3
"May 07, 2012",2.3
"May 08, 2012",2.27
"May 09, 2012",2.36
"May 10, 2012",2.36
"May 11, 2012",2.37
"May 14, 2012",2.41
"May 15, 2012",2.38
"May 16, 2012",2.5
"May 17, 2012",2.6
"May 18, 2012",2.56
"May 21, 2012",2.6
"May 22, 2012",2.55
"May 23, 2012",2.6
"May 24, 2012",2.66
"May 25, 2012",2.56
"May 29, 2012",2.5
"May 30, 2012",2.39
"May 31, 2012",2.34
"Jun 01, 2012",2.24
"Jun 04, 2012",2.32
"Jun 05, 2012",2.39
"Jun 06, 2012",2.41
"Jun 07, 2012",2.33
"Jun 08, 2012",2.22
"Jun 11, 2012",2.22
"Jun 12, 2012",2.17
"Jun 13, 2012",2.18
"Jun 14, 2012",2.2
"Jun 15, 2012",2.44
"Jun 18, 2012",2.45
"Jun 19, 2012",2.59
"Jun 20, 2012",2.6
"Jun 21, 2012",2.48
"Jun 22, 2012",2.5
"Jun 25, 2012",2.7
"Jun 26, 2012",2.7
"Jun 27, 2012",2.87
"Jun 28, 2012",2.81
"Jun 29, 2012",2.74
"Jul 02, 2012",2.73
"Jul 03, 2012",2.78
"Jul 05, 2012",2.9
"Jul 06, 2012",2.94
"Jul 09, 2012",2.79
"Jul 10, 2012",2.87
"Jul 11, 2012",2.72
"Jul 12, 2012",2.83
"Jul 13, 2012",2.88
"Jul 16, 2012",2.92
"Jul 17, 2012",2.83
"Jul 18, 2012",2.84
"Jul 19, 2012",2.99
"Jul 20, 2012",3.03
"Jul 23, 2012",3.05
"Jul 24, 2012",3.16
"Jul 25, 2012",3.19
"Jul 26, 2012",3.13
"Jul 27, 2012",3.1
"Jul 30, 2012",3.14
"Jul 31, 2012",3.2
"Aug 01, 2012",3.2
"Aug 02, 2012",3.16
"Aug 03, 2012",2.91
"Aug 06, 2012",2.9
"Aug 07, 2012",2.99
"Aug 08, 2012",2.97
"Aug 09, 2012",2.89
"Aug 10, 2012",2.84
"Aug 13, 2012",2.77
"Aug 14, 2012",2.79
"Aug 15, 2012",2.82
"Aug 16, 2012",2.78
"Aug 17, 2012",2.7
"Aug 20, 2012",2.75
"Aug 21, 2012",2.8
"Aug 22, 2012",2.8
"Aug 23, 2012",2.81
"Aug 24, 2012",2.81
"Aug 27, 2012",2.8
"Aug 28, 2012",2.71
"Aug 29, 2012",2.64
"Aug 30, 2012",2.72
"Aug 31, 2012",2.72
"Sep 04, 2012",2.81
"Sep 05, 2012",2.87
"Sep 06, 2012",2.85
"Sep 07, 2012",2.73
"Sep 10, 2012",2.66
"Sep 11, 2012",2.82
"Sep 12, 2012",2.96
"Sep 13, 2012",3.01
"Sep 14, 2012",2.94
"Sep 17, 2012",2.83
"Sep 18, 2012",2.74
"Sep 19, 2012",2.7
"Sep 20, 2012",2.76
"Sep 21, 2012",2.76
"Sep 24, 2012",2.82
"Sep 25, 2012",2.84
"Sep 26, 2012",2.92
"Sep 27, 2012",3.01
"Sep 28, 2012",3.08
"Oct 01, 2012",3.19
"Oct 02, 2012",3.21
"Oct 03, 2012",3.21
"Oct 04, 2012",3.23
"Oct 05, 2012",3.26
"Oct 08, 2012",3.18
"Oct 09, 2012",3.18
"Oct 10, 2012",3.26
"Oct 11, 2012",3.28
"Oct 12, 2012",3.38
"Oct 15, 2012",3.35
"Oct 16, 2012",3.27
"Oct 17, 2012",3.24
"Oct 18, 2012",3.28
"Oct 19, 2012",3.43
"Oct 22, 2012",3.49
"Oct 23, 2012",3.34
"Oct 24, 2012",3.43
"Oct 25, 2012",3.39
"Oct 26, 2012",3.38
"Oct 29, 2012",3.4
"Oct 30, 2012",3.42
"Oct 31, 2012",3.5
"Nov 01, 2012",3.5
"Nov 02, 2012",3.4
"Nov 05, 2012",3.34
"Nov 06, 2012",3.41
"Nov 07, 2012",3.47
"Nov 08, 2012",3.45
"Nov 09, 2012",3.33
"Nov 12, 2012",3.4
"Nov 13, 2012",3.57
"Nov 14, 2012",3.66
"Nov 15, 2012",3.63
"Nov 16, 2012",3.46
"Nov 19, 2012",3.63
"Nov 20, 2012",3.62
"Nov 21, 2012",3.59
"Nov 23, 2012",3.59
"Nov 26, 2012",3.75
"Nov 27, 2012",3.77
"Nov 28, 2012",3.71
"Nov 29, 2012",3.61
"Nov 30, 2012",3.46
"Dec 03, 2012",3.44
"Dec 04, 2012",3.38
"Dec 05, 2012",3.41
"Dec 06, 2012",3.48
"Dec 07, 2012",3.33
"Dec 10, 2012",3.35
"Dec 11, 2012",3.39
"Dec 12, 2012",3.33
"Dec 13, 2012",3.27
"Dec 14, 2012",3.15
"Dec 17, 2012",3.2
"Dec 18, 2012",3.29
"Dec 19, 2012",3.25
"Dec 20, 2012",3.35
"Dec 21, 2012",3.42
"Dec 24, 2012",3.3
"Dec 26, 2012",3.35
"Dec 27, 2012",3.31
"Dec 28, 2012",3.4
"Dec 31, 2012",3.43
"Jan 02, 2013",3.3
"Jan 03, 2013",3.19
"Jan 04, 2013",3.2
"Jan 07, 2013",3.3
"Jan 08, 2013",3.21
"Jan 09, 2013",3.14
"Jan 10, 2013",3.08
"Jan 11, 2013",3.18
"Jan 14, 2013",3.39
"Jan 15, 2013",3.4
"Jan 16, 2013",3.43
"Jan 17, 2013",3.44
"Jan 18, 2013",3.54
"Jan 22, 2013",3.63
"Jan 23, 2013",3.53
"Jan 24, 2013",3.56
"Jan 25, 2013",3.42
"Jan 28, 2013",3.25
"Jan 29, 2013",3.14
"Jan 30, 2013",3.24
"Jan 31, 2013",3.33
"Feb 01, 2013",3.34
"Feb 04, 2013",3.27
"Feb 05, 2013",3.34
"Feb 06, 2013",3.41
"Feb 07, 2013",3.39
"Feb 08, 2013",3.26
"Feb 11, 2013",3.2
"Feb 12, 2013",3.3
"Feb 13, 2013",3.29
"Feb 14, 2013",3.3
"Feb 15, 2013",3.19
"Feb 19, 2013",3.23
"Feb 20, 2013",3.34
"Feb 21, 2013",3.29
"Feb 22, 2013",3.27
"Feb 25, 2013",3.42
"Feb 26, 2013",3.46
"Feb 27, 2013",3.49
"Feb 28, 2013",3.48
"Mar 01, 2013",3.54
"Mar 04, 2013",3.53
"Mar 05, 2013",3.63
"Mar 06, 2013",3.57
"Mar 07, 2013",3.54
"Mar 08, 2013",3.57
"Mar 11, 2013",3.64
"Mar 12, 2013",3.71
"Mar 13, 2013",3.72
"Mar 14, 2013",3.74
"Mar 15, 2013",3.89
"Mar 18, 2013",3.98
"Mar 19, 2013",3.96
"Mar 20, 2013",3.97
"Mar 21, 2013",4.01
"Mar 22, 2013",4.01
"Mar 25, 2013",4.08
"Mar 26, 2013",3.99
"Mar 27, 2013",4.08
"Mar 28, 2013",4.03
"Apr 01, 2013",3.97
"Apr 02, 2013",4.07
"Apr 03, 2013",4
"Apr 04, 2013",3.94
"Apr 05, 2013",3.98
"Apr 08, 2013",4.18
"Apr 09, 2013",4.08
"Apr 10, 2013",4.07
"Apr 11, 2013",4.11
"Apr 12, 2013",4.21
"Apr 15, 2013",4.23
"Apr 16, 2013",4.19
"Apr 17, 2013",4.24
"Apr 18, 2013",4.23
"Apr 19, 2013",4.38
"Apr 22, 2013",4.33
"Apr 23, 2013",4.27
"Apr 24, 2013",4.25
"Apr 25, 2013",4.19
"Apr 26, 2013",4.16
"Apr 29, 2013",4.28
"Apr 30, 2013",4.3
"May 01, 2013",4.31
"May 02, 2013",4.28
"May 03, 2013",3.98
"May 06, 2013",3.93
"May 07, 2013",3.88
"May 08, 2013",3.86
"May 09, 2013",3.87
"May 10, 2013",3.9
"May 13, 2013",3.87
"May 14, 2013",3.93
"May 15, 2013",4.03
"May 16, 2013",4.01
"May 17, 2013",3.89
"May 20, 2013",4.1
"May 21, 2013",4.13
"May 22, 2013",4.16
"May 23, 2013",4.15
"May 24, 2013",4.15
"May 28, 2013",4.19
"May 29, 2013",4.15
"May 30, 2013",4.12
"May 31, 2013",4.02
"Jun 03, 2013",4
"Jun 04, 2013",4
"Jun 05, 2013",3.99
"Jun 06, 2013",3.93
"Jun 07, 2013",3.79
"Jun 10, 2013",3.85
"Jun 11, 2013",3.77
"Jun 12, 2013",3.74
"Jun 13, 2013",3.73
"Jun 14, 2013",3.76
"Jun 17, 2013",3.78
"Jun 18, 2013",3.9
"Jun 19, 2013",3.93
"Jun 20, 2013",3.9
"Jun 21, 2013",3.85
"Jun 24, 2013",3.81
"Jun 25, 2013",3.77
"Jun 26, 2013",3.72
"Jun 27, 2013",3.73
"Jun 28, 2013",3.57
"Jul 01, 2013",3.52
"Jul 02, 2013",3.58
"Jul 03, 2013",3.54
"Jul 05, 2013",3.52
"Jul 08, 2013",3.65
"Jul 09, 2013",3.69
"Jul 10, 2013",3.69
"Jul 11, 2013",3.64
"Jul 12, 2013",3.61
"Jul 15, 2013",3.67
"Jul 16, 2013",3.69
"Jul 17, 2013",3.67
"Jul 18, 2013",3.66
"Jul 19, 2013",3.78
"Jul 22, 2013",3.71
"Jul 23, 2013",3.68
"Jul 24, 2013",3.7
"Jul 25, 2013",3.68
"Jul 26, 2013",3.59
"Jul 29, 2013",3.49
"Jul 30, 2013",3.48
"Jul 31, 2013",3.46
"Aug 01, 2013",3.44
"Aug 02, 2013",3.39
"Aug 05, 2013",3.33
"Aug 06, 2013",3.35
"Aug 07, 2013",3.32
"Aug 08, 2013",3.27
"Aug 09, 2013",3.32
"Aug 12, 2013",3.34
"Aug 13, 2013",3.34
"Aug 14, 2013",3.36
"Aug 15, 2013",3.34
"Aug 16, 2013",3.35
"Aug 19, 2013",3.46
"Aug 20, 2013",3.48
"Aug 21, 2013",3.51
"Aug 22, 2013",3.52
"Aug 23, 2013",3.5
"Aug 26, 2013",3.55
"Aug 27, 2013",3.5
"Aug 28, 2013",3.54
"Aug 29, 2013",3.58
"Aug 30, 2013",3.57
"Sep 03, 2013",3.64
"Sep 04, 2013",3.68
"Sep 05, 2013",3.7
"Sep 06, 2013",3.55
"Sep 09, 2013",3.62
"Sep 10, 2013",3.65
"Sep 11, 2013",3.6
"Sep 12, 2013",3.57
"Sep 13, 2013",3.6
"Sep 16, 2013",3.64
"Sep 17, 2013",3.77
"Sep 18, 2013",3.72
"Sep 19, 2013",3.73
"Sep 20, 2013",3.68
"Sep 23, 2013",3.66
"Sep 24, 2013",3.59
"Sep 25, 2013",3.52
"Sep 26, 2013",3.49
"Sep 27, 2013",3.51
"Sep 30, 2013",3.48
"Oct 01, 2013",3.56
"Oct 02, 2013",3.63
"Oct 03, 2013",3.58
"Oct 04, 2013",3.57
"Oct 07, 2013",3.62
"Oct 08, 2013",3.72
"Oct 09, 2013",3.7
"Oct 10, 2013",3.74
"Oct 11, 2013",3.74
"Oct 14, 2013",3.82
"Oct 15, 2013",3.83
"Oct 16, 2013",3.84
"Oct 17, 2013",3.75
"Oct 18, 2013",3.72
"Oct 21, 2013",3.77
"Oct 22, 2013",3.7
"Oct 23, 2013",3.66
"Oct 24, 2013",3.65
"Oct 25, 2013",3.69
"Oct 28, 2013",3.61
"Oct 29, 2013",3.57
"Oct 30, 2013",3.55
"Oct 31, 2013",3.57
"Nov 01, 2013",3.45
"Nov 04, 2013",3.38
"Nov 05, 2013",3.37
"Nov 06, 2013",3.46
"Nov 07, 2013",3.59
"Nov 08, 2013",3.54
"Nov 11, 2013",3.62
"Nov 12, 2013",3.69
"Nov 13, 2013",3.69
"Nov 14, 2013",3.52
"Nov 15, 2013",3.56
"Nov 18, 2013",3.71
"Nov 19, 2013",3.63
"Nov 20, 2013",3.63
"Nov 21, 2013",3.68
"Nov 22, 2013",3.78
"Nov 25, 2013",3.85
"Nov 26, 2013",3.87
"Nov 27, 2013",3.87
"Nov 29, 2013",3.87
"Dec 02, 2013",3.85
"Dec 03, 2013",3.84
"Dec 04, 2013",3.89
"Dec 05, 2013",3.97
"Dec 06, 2013",4.15
"Dec 09, 2013",4.24
"Dec 10, 2013",4.24
"Dec 11, 2013",4.24
"Dec 12, 2013",4.4
"Dec 13, 2013",4.44
"Dec 16, 2013",4.21
"Dec 17, 2013",4.2
"Dec 18, 2013",4.25
"Dec 19, 2013",4.25
"Dec 20, 2013",4.35
"Dec 23, 2013",4.52
"Dec 24, 2013",4.52
"Dec 26, 2013",4.4
"Dec 27, 2013",4.34
"Dec 30, 2013",4.41
"Dec 31, 2013",4.31
"Jan 02, 2014",4.32
"Jan 03, 2014",4.39
"Jan 06, 2014",4.5
"Jan 07, 2014",4.58
"Jan 08, 2014",4.36
"Jan 09, 2014",4.15
"Jan 10, 2014",3.95
"Jan 13, 2014",4.19
"Jan 14, 2014",4.36
"Jan 15, 2014",4.45
"Jan 16, 2014",4.55
"Jan 17, 2014",4.39
"Jan 21, 2014",4.61
"Jan 22, 2014",4.92
"Jan 23, 2014",5.64
"Jan 24, 2014",5.17
"Jan 27, 2014",5.66
"Jan 28, 2014",5.25
"Jan 29, 2014",5.23
"Jan 30, 2014",5.27
"Jan 31, 2014",5.04
"Feb 03, 2014",5.04
"Feb 04, 2014",5.78
"Feb 05, 2014",8.12
"Feb 06, 2014",6.9
"Feb 07, 2014",5.92
"Feb 10, 2014",8.15
"Feb 11, 2014",7.75
"Feb 12, 2014",5.96
"Feb 13, 2014",5.34
"Feb 14, 2014",5.54
"Feb 18, 2014",5.8
"Feb 19, 2014",6
"Feb 20, 2014",5.96
"Feb 21, 2014",6.24
"Feb 24, 2014",6.08
"Feb 25, 2014",5.21
"Feb 26, 2014",4.81
"Feb 27, 2014",4.61
"Feb 28, 2014",4.8
"Mar 03, 2014",7.09
"Mar 04, 2014",7.98
"Mar 05, 2014",6.46
"Mar 06, 2014",4.89
"Mar 07, 2014",4.78
"Mar 10, 2014",4.67
"Mar 11, 2014",4.67
"Mar 12, 2014",4.72
"Mar 13, 2014",4.41
"Mar 14, 2014",4.4
"Mar 17, 2014",4.57
"Mar 18, 2014",4.42
"Mar 19, 2014",4.43
"Mar 20, 2014",4.39
"Mar 21, 2014",4.33
"Mar 24, 2014",4.42
"Mar 25, 2014",4.53
"Mar 26, 2014",4.44
"Mar 27, 2014",4.39
"Mar 28, 2014",4.5
"Mar 31, 2014",4.48
"Apr 01, 2014",4.39
"Apr 02, 2014",4.39
"Apr 03, 2014",4.51
"Apr 04, 2014",4.49
"Apr 07, 2014",4.58
"Apr 08, 2014",4.57
"Apr 09, 2014",4.67
"Apr 10, 2014",4.67
"Apr 11, 2014",4.67
"Apr 14, 2014",4.64
"Apr 15, 2014",4.69
"Apr 16, 2014",4.64
"Apr 17, 2014",4.64
"Apr 21, 2014",4.76
"Apr 22, 2014",4.76
"Apr 23, 2014",4.81
"Apr 24, 2014",4.81
"Apr 25, 2014",4.83
"Apr 28, 2014",4.72
"Apr 29, 2014",4.78
"Apr 30, 2014",4.79
"May 01, 2014",4.79
"May 02, 2014",4.73
"May 05, 2014",4.73
"May 06, 2014",4.8
"May 07, 2014",4.82
"May 08, 2014",4.77
"May 09, 2014",4.59
"May 12, 2014",4.52
"May 13, 2014",4.47
"May 14, 2014",4.47
"May 15, 2014",4.42
"May 16, 2014",4.42
"May 19, 2014",4.54
"May 20, 2014",4.53
"May 21, 2014",4.57
"May 22, 2014",4.57
"May 23, 2014",4.4
"May 27, 2014",4.4
"May 28, 2014",4.56
"May 29, 2014",4.63
"May 30, 2014",4.49
"Jun 02, 2014",4.49
"Jun 03, 2014",4.62
"Jun 04, 2014",4.62
"Jun 05, 2014",4.66
"Jun 06, 2014",4.66
"Jun 09, 2014",4.67
"Jun 10, 2014",4.67
"Jun 11, 2014",4.51
"Jun 12, 2014",4.51
"Jun 13, 2014",4.7
"Jun 16, 2014",4.71
"Jun 17, 2014",4.68
"Jun 18, 2014",4.68
"Jun 19, 2014",4.67
"Jun 20, 2014",4.53
"Jun 23, 2014",4.53
"Jun 24, 2014",4.49
"Jun 25, 2014",4.58
"Jun 26, 2014",4.58
"Jun 27, 2014",4.39
"Jun 30, 2014",4.39
"Jul 01, 2014",4.47
"Jul 02, 2014",4.47
"Jul 03, 2014",4.31
"Jul 07, 2014",4.31
"Jul 08, 2014",4.18
"Jul 09, 2014",4.17
"Jul 10, 2014",4.15
"Jul 11, 2014",4.13
"Jul 14, 2014",4.13
"Jul 15, 2014",4.13
"Jul 16, 2014",4.16
"Jul 17, 2014",4.04
"Jul 18, 2014",4.08
"Jul 21, 2014",3.87
"Jul 22, 2014",3.81
"Jul 23, 2014",3.83
"Jul 24, 2014",3.83
"Jul 25, 2014",3.86
"Jul 28, 2014",3.84
"Jul 29, 2014",3.79
"Jul 30, 2014",3.78
"Jul 31, 2014",3.78
"Aug 01, 2014",3.77
"Aug 04, 2014",3.87
"Aug 05, 2014",3.87
"Aug 06, 2014",3.92
"Aug 07, 2014",3.99
"Aug 08, 2014",3.94
"Aug 11, 2014",4
"Aug 12, 2014",3.94
"Aug 13, 2014",3.9
"Aug 14, 2014",3.85
"Aug 15, 2014",3.8
"Aug 18, 2014",3.78
"Aug 19, 2014",3.84
"Aug 20, 2014",3.88
"Aug 21, 2014",3.88
"Aug 22, 2014",3.88
"Aug 25, 2014",3.94
"Aug 26, 2014",3.99
"Aug 27, 2014",4.02
"Aug 28, 2014",4.06
"Aug 29, 2014",4.04
"Sep 02, 2014",4.01
"Sep 03, 2014",3.94
"Sep 04, 2014",3.91
"Sep 05, 2014",3.86
"Sep 08, 2014",3.86
"Sep 09, 2014",3.93
"Sep 10, 2014",3.98
"Sep 11, 2014",3.94
"Sep 12, 2014",3.82
"Sep 15, 2014",3.92
"Sep 16, 2014",3.85
"Sep 17, 2014",3.97
"Sep 18, 2014",3.99
"Sep 19, 2014",3.99
"Sep 22, 2014",3.88
"Sep 23, 2014",3.9
"Sep 24, 2014",3.84
"Sep 25, 2014",3.89
"Sep 26, 2014",3.89
"Sep 29, 2014",3.89
"Sep 30, 2014",4.14
"Oct 01, 2014",4.14
"Oct 02, 2014",4
"Oct 03, 2014",3.94
"Oct 06, 2014",3.89
"Oct 07, 2014",3.88
"Oct 08, 2014",3.88
"Oct 09, 2014",3.87
"Oct 10, 2014",3.86
"Oct 13, 2014",3.87
"Oct 14, 2014",3.91
"Oct 15, 2014",3.81
"Oct 16, 2014",3.8
"Oct 17, 2014",3.73
"Oct 20, 2014",3.69
"Oct 21, 2014",3.62
"Oct 22, 2014",3.69
"Oct 23, 2014",3.6
"Oct 24, 2014",3.53
"Oct 27, 2014",3.56
"Oct 28, 2014",3.53
"Oct 29, 2014",3.6
"Oct 30, 2014",3.76
"Oct 31, 2014",3.82
"Nov 03, 2014",3.82
"Nov 04, 2014",3.67
"Nov 05, 2014",3.83
"Nov 06, 2014",3.92
"Nov 07, 2014",3.92
"Nov 10, 2014",4.18
"Nov 11, 2014",4.18
"Nov 12, 2014",4.2
"Nov 13, 2014",4.2
"Nov 14, 2014",4.05
"Nov 17, 2014",4.26
"Nov 18, 2014",4.33
"Nov 19, 2014",4.41
"Nov 20, 2014",4.41
"Nov 21, 2014",4.32
"Nov 24, 2014",4.09
"Nov 25, 2014",4.09
"Nov 26, 2014",4.15
"Nov 28, 2014",4.3
"Dec 01, 2014",4.3
"Dec 02, 2014",3.77
"Dec 03, 2014",3.63
"Dec 04, 2014",3.63
"Dec 05, 2014",3.42
"Dec 08, 2014",3.42
"Dec 09, 2014",3.63
"Dec 10, 2014",3.65
"Dec 11, 2014",3.68
"Dec 12, 2014",3.91
"Dec 15, 2014",3.72
"Dec 16, 2014",3.58
"Dec 17, 2014",3.72
"Dec 18, 2014",3.71
"Dec 19, 2014",3.71
"Dec 22, 2014",3.05
"Dec 23, 2014",2.99
"Dec 24, 2014",2.99
"Dec 26, 2014",2.74
"Dec 29, 2014",3.07
"Dec 30, 2014",3.14
"Dec 31, 2014",3.14
"Jan 02, 2015",3.01
"Jan 05, 2015",3.22
"Jan 06, 2015",2.98
"Jan 07, 2015",3.08
"Jan 08, 2015",2.92
"Jan 09, 2015",2.96
"Jan 12, 2015",2.9
"Jan 13, 2015",2.92
"Jan 14, 2015",3.15
"Jan 15, 2015",3.32
"Jan 16, 2015",3.11
"Jan 20, 2015",2.94
"Jan 21, 2015",2.94
"Jan 22, 2015",2.95
"Jan 23, 2015",2.96
"Jan 26, 2015",2.92
"Jan 27, 2015",2.96
"Jan 28, 2015",2.89
"Jan 29, 2015",2.88
"Jan 30, 2015",2.88
"Feb 02, 2015",2.88
"Feb 03, 2015",2.67
"Feb 04, 2015",2.73
"Feb 05, 2015",2.66
"Feb 06, 2015",2.66
"Feb 09, 2015",2.62
"Feb 10, 2015",2.67
"Feb 11, 2015",2.86
"Feb 12, 2015",2.86
"Feb 13, 2015",2.75
"Feb 17, 2015",2.75
"Feb 18, 2015",2.92
"Feb 19, 2015",2.92
"Feb 20, 2015",3.02
"Feb 23, 2015",3.22
"Feb 24, 2015",3.22
"Feb 25, 2015",3.21
"Feb 26, 2015",3.21
"Feb 27, 2015",2.79
"Mar 02, 2015",2.79
"Mar 03, 2015",3
"Mar 04, 2015",3.27
"Mar 05, 2015",3.27
"Mar 06, 2015",2.89
"Mar 09, 2015",2.75
"Mar 10, 2015",2.76
"Mar 11, 2015",2.76
"Mar 12, 2015",2.82
"Mar 13, 2015",2.72
"Mar 16, 2015",2.68
"Mar 17, 2015",2.82
"Mar 18, 2015",2.8
"Mar 19, 2015",2.86
"Mar 20, 2015",2.86
"Mar 23, 2015",2.72
"Mar 24, 2015",2.79
"Mar 25, 2015",2.77
"Mar 26, 2015",2.77
"Mar 27, 2015",2.89
"Mar 30, 2015",2.64
"Mar 31, 2015",2.65
"Apr 01, 2015",2.62
"Apr 02, 2015",2.63
"Apr 06, 2015",2.63
"Apr 07, 2015",2.71
"Apr 08, 2015",2.71
"Apr 09, 2015",2.72
"Apr 10, 2015",2.58
"Apr 13, 2015",2.58
"Apr 14, 2015",2.58
"Apr 15, 2015",2.62
"Apr 16, 2015",2.61
"Apr 17, 2015",2.67
"Apr 20, 2015",2.57
"Apr 21, 2015",2.59
"Apr 22, 2015",2.63
"Apr 23, 2015",2.59
"Apr 24, 2015",2.59
"Apr 27, 2015",2.5
"Apr 28, 2015",2.55
"Apr 29, 2015",2.55
"Apr 30, 2015",2.56
"May 01, 2015",2.68
"May 04, 2015",2.72
"May 05, 2015",2.76
"May 06, 2015",2.76
"May 07, 2015",2.74
"May 08, 2015",2.78
"May 11, 2015",2.85
"May 12, 2015",2.85
"May 13, 2015",2.85
"May 14, 2015",2.87
"May 15, 2015",2.96
"May 18, 2015",3.01
"May 19, 2015",3.01
"May 20, 2015",3.04
"May 21, 2015",2.96
"May 22, 2015",2.96
"May 26, 2015",2.82
"May 27, 2015",2.82
"May 28, 2015",2.78
"May 29, 2015",2.78
"Jun 01, 2015",2.78
"Jun 02, 2015",2.63
"Jun 03, 2015",2.65
"Jun 04, 2015",2.6
"Jun 05, 2015",2.6
"Jun 08, 2015",2.6
"Jun 09, 2015",2.72
"Jun 10, 2015",2.81
"Jun 11, 2015",2.88
"Jun 12, 2015",2.88
"Jun 15, 2015",2.89
"Jun 16, 2015",2.94
"Jun 17, 2015",2.93
"Jun 18, 2015",2.93
"Jun 19, 2015",2.81
"Jun 22, 2015",2.79
"Jun 23, 2015",2.83
"Jun 24, 2015",2.83
"Jun 25, 2015",2.8
"Jun 26, 2015",2.77
"Jun 29, 2015",2.77
"Jun 30, 2015",2.8
"Jul 01, 2015",2.78
"Jul 02, 2015",2.79
"Jul 03, 2015",2.79
"Jul 06, 2015",2.79
"Jul 07, 2015",2.77
"Jul 08, 2015",2.77
"Jul 09, 2015",2.7
"Jul 10, 2015",2.7
"Jul 13, 2015",2.88
"Jul 14, 2015",2.88
"Jul 15, 2015",2.93
"Jul 16, 2015",2.9
"Jul 17, 2015",2.88
"Jul 20, 2015",2.88
"Jul 21, 2015",2.84
"Jul 22, 2015",2.84
"Jul 23, 2015",2.92
"Jul 24, 2015",2.92
"Jul 27, 2015",2.92
"Jul 28, 2015",2.89
"Jul 29, 2015",2.91
"Jul 30, 2015",2.87
"Jul 31, 2015",2.76
"Aug 03, 2015",2.76
"Aug 04, 2015",2.83
"Aug 05, 2015",2.85
"Aug 06, 2015",2.76
"Aug 07, 2015",2.76
"Aug 10, 2015",2.85
"Aug 11, 2015",2.84
"Aug 12, 2015",2.93
"Aug 13, 2015",2.93
"Aug 14, 2015",2.83
"Aug 17, 2015",2.79
"Aug 18, 2015",2.71
"Aug 19, 2015",2.77
"Aug 20, 2015",2.77
"Aug 21, 2015",2.7
"Aug 24, 2015",2.65
"Aug 25, 2015",2.71
"Aug 26, 2015",2.73
"Aug 27, 2015",2.69
"Aug 28, 2015",2.69
"Aug 31, 2015",2.7
"Sep 01, 2015",2.7
"Sep 02, 2015",2.7
"Sep 03, 2015",2.67
"Sep 04, 2015",2.67
"Sep 07, 2015",2.67
"Sep 08, 2015",2.74
"Sep 09, 2015",2.74
"Sep 10, 2015",2.71
"Sep 11, 2015",2.67
"Sep 14, 2015",2.7
"Sep 15, 2015",2.74
"Sep 16, 2015",2.69
"Sep 17, 2015",2.69
"Sep 18, 2015",2.69
"Sep 21, 2015",2.61
"Sep 22, 2015",2.61
"Sep 23, 2015",2.62
"Sep 24, 2015",2.62
"Sep 25, 2015",2.6
"Sep 28, 2015",2.66
"Sep 29, 2015",2.57
"Sep 30, 2015",2.47
"Oct 01, 2015",2.37
"Oct 02, 2015",2.37
"Oct 05, 2015",2.34
"Oct 06, 2015",2.35
"Oct 07, 2015",2.35
"Oct 08, 2015",2.35
"Oct 09, 2015",2.49
"Oct 12, 2015",2.48
"Oct 13, 2015",2.47
"Oct 14, 2015",2.47
"Oct 15, 2015",2.54
"Oct 16, 2015",2.42
"Oct 19, 2015",2.43
"Oct 20, 2015",2.46
"Oct 21, 2015",2.37
"Oct 22, 2015",2.37
"Oct 23, 2015",2.28
"Oct 26, 2015",2.18
"Oct 27, 2015",2.14
"Oct 28, 2015",2.14
"Oct 29, 2015",2.15
"Oct 30, 2015",1.98
"Nov 02, 2015",1.92
,